solid OpenSCAD_Model
  facet normal 0 -0.980732 -0.195358
    outer loop
      vertex 0 -11.7692 8.29368
      vertex 2.75 -11.8267 8.58234
      vertex 0 -11.8267 8.58234
    endloop
  endfacet
  facet normal 0 -0.980732 -0.195358
    outer loop
      vertex 2.75 -11.8267 8.58234
      vertex 0 -11.7692 8.29368
      vertex 2.75 -11.7692 8.29368
    endloop
  endfacet
  facet normal 0 -0.99787 -0.065238
    outer loop
      vertex 0 -11.75 8
      vertex 2.75 -11.7692 8.29368
      vertex 0 -11.7692 8.29368
    endloop
  endfacet
  facet normal 0 -0.99787 -0.065238
    outer loop
      vertex 2.75 -11.7692 8.29368
      vertex 0 -11.75 8
      vertex 2.75 -11.75 8
    endloop
  endfacet
  facet normal 0 -0.946936 -0.321421
    outer loop
      vertex 0 -11.8267 8.58234
      vertex 2.75 -11.9213 8.86104
      vertex 0 -11.9213 8.86104
    endloop
  endfacet
  facet normal 0 -0.946936 -0.321421
    outer loop
      vertex 2.75 -11.9213 8.86104
      vertex 0 -11.8267 8.58234
      vertex 2.75 -11.8267 8.58234
    endloop
  endfacet
  facet normal 0 -0.831328 -0.555782
    outer loop
      vertex 0 -12.0514 9.125
      vertex 2.75 -12.215 9.36971
      vertex 0 -12.215 9.36971
    endloop
  endfacet
  facet normal 0 -0.831328 -0.555782
    outer loop
      vertex 2.75 -12.215 9.36971
      vertex 0 -12.0514 9.125
      vertex 2.75 -12.0514 9.125
    endloop
  endfacet
  facet normal -0 0.659298 0.751882
    outer loop
      vertex 0 -15.3697 6.21496
      vertex 2.75 -15.591 6.40901
      vertex 2.75 -15.3697 6.21496
    endloop
  endfacet
  facet normal 0 0.659298 0.751882
    outer loop
      vertex 2.75 -15.591 6.40901
      vertex 0 -15.3697 6.21496
      vertex 0 -15.591 6.40901
    endloop
  endfacet
  facet normal 0 -0.751936 0.659236
    outer loop
      vertex 0 -12.409 6.40901
      vertex 2.75 -12.215 6.63029
      vertex 0 -12.215 6.63029
    endloop
  endfacet
  facet normal 0 -0.751936 0.659236
    outer loop
      vertex 2.75 -12.215 6.63029
      vertex 0 -12.409 6.40901
      vertex 2.75 -12.409 6.40901
    endloop
  endfacet
  facet normal 0 -0.659298 -0.751882
    outer loop
      vertex 0 -12.6303 9.78504
      vertex 2.75 -12.409 9.59099
      vertex 2.75 -12.6303 9.78504
    endloop
  endfacet
  facet normal -0 -0.659298 -0.751882
    outer loop
      vertex 2.75 -12.409 9.59099
      vertex 0 -12.6303 9.78504
      vertex 0 -12.409 9.59099
    endloop
  endfacet
  facet normal 0 0.442151 -0.896941
    outer loop
      vertex 0 -15.125 9.94856
      vertex 2.75 -14.861 10.0787
      vertex 2.75 -15.125 9.94856
    endloop
  endfacet
  facet normal 0 0.442151 -0.896941
    outer loop
      vertex 2.75 -14.861 10.0787
      vertex 0 -15.125 9.94856
      vertex 0 -14.861 10.0787
    endloop
  endfacet
  facet normal 0 -0.442151 -0.896941
    outer loop
      vertex 0 -13.139 10.0787
      vertex 2.75 -12.875 9.94856
      vertex 2.75 -13.139 10.0787
    endloop
  endfacet
  facet normal -0 -0.442151 -0.896941
    outer loop
      vertex 2.75 -12.875 9.94856
      vertex 0 -13.139 10.0787
      vertex 0 -12.875 9.94856
    endloop
  endfacet
  facet normal 0 -0.896968 0.442096
    outer loop
      vertex 0 -12.0514 6.875
      vertex 2.75 -11.9213 7.13896
      vertex 0 -11.9213 7.13896
    endloop
  endfacet
  facet normal 0 -0.896968 0.442096
    outer loop
      vertex 2.75 -11.9213 7.13896
      vertex 0 -12.0514 6.875
      vertex 2.75 -12.0514 6.875
    endloop
  endfacet
  facet normal 0 -0.321421 0.946936
    outer loop
      vertex 0 -13.139 5.92127
      vertex 2.75 -13.4177 5.82667
      vertex 2.75 -13.139 5.92127
    endloop
  endfacet
  facet normal 0 -0.321421 0.946936
    outer loop
      vertex 2.75 -13.4177 5.82667
      vertex 0 -13.139 5.92127
      vertex 0 -13.4177 5.82667
    endloop
  endfacet
  facet normal 0 -0.896968 -0.442096
    outer loop
      vertex 0 -11.9213 8.86104
      vertex 2.75 -12.0514 9.125
      vertex 0 -12.0514 9.125
    endloop
  endfacet
  facet normal 0 -0.896968 -0.442096
    outer loop
      vertex 2.75 -12.0514 9.125
      vertex 0 -11.9213 8.86104
      vertex 2.75 -11.9213 8.86104
    endloop
  endfacet
  facet normal 0 0.896968 -0.442096
    outer loop
      vertex 2.75 -16.0787 8.86104
      vertex 0 -15.9486 9.125
      vertex 2.75 -15.9486 9.125
    endloop
  endfacet
  facet normal 0 0.896968 -0.442096
    outer loop
      vertex 0 -15.9486 9.125
      vertex 2.75 -16.0787 8.86104
      vertex 0 -16.0787 8.86104
    endloop
  endfacet
  facet normal 0 -0.751936 -0.659236
    outer loop
      vertex 0 -12.215 9.36971
      vertex 2.75 -12.409 9.59099
      vertex 0 -12.409 9.59099
    endloop
  endfacet
  facet normal 0 -0.751936 -0.659236
    outer loop
      vertex 2.75 -12.409 9.59099
      vertex 0 -12.215 9.36971
      vertex 2.75 -12.215 9.36971
    endloop
  endfacet
  facet normal 0 -0.980732 0.195358
    outer loop
      vertex 0 -11.8267 7.41766
      vertex 2.75 -11.7692 7.70632
      vertex 0 -11.7692 7.70632
    endloop
  endfacet
  facet normal 0 -0.980732 0.195358
    outer loop
      vertex 2.75 -11.7692 7.70632
      vertex 0 -11.8267 7.41766
      vertex 2.75 -11.8267 7.41766
    endloop
  endfacet
  facet normal 0 -0.99787 0.065238
    outer loop
      vertex 0 -11.7692 7.70632
      vertex 2.75 -11.75 8
      vertex 0 -11.75 8
    endloop
  endfacet
  facet normal 0 -0.99787 0.065238
    outer loop
      vertex 2.75 -11.75 8
      vertex 0 -11.7692 7.70632
      vertex 2.75 -11.7692 7.70632
    endloop
  endfacet
  facet normal -0 0.555609 0.831443
    outer loop
      vertex 0 -15.125 6.05144
      vertex 2.75 -15.3697 6.21496
      vertex 2.75 -15.125 6.05144
    endloop
  endfacet
  facet normal 0 0.555609 0.831443
    outer loop
      vertex 2.75 -15.3697 6.21496
      vertex 0 -15.125 6.05144
      vertex 0 -15.3697 6.21496
    endloop
  endfacet
  facet normal 0 0.946936 0.321421
    outer loop
      vertex 2.75 -16.0787 7.13896
      vertex 0 -16.1733 7.41766
      vertex 2.75 -16.1733 7.41766
    endloop
  endfacet
  facet normal 0 0.946936 0.321421
    outer loop
      vertex 0 -16.1733 7.41766
      vertex 2.75 -16.0787 7.13896
      vertex 0 -16.0787 7.13896
    endloop
  endfacet
  facet normal 0 0.99787 0.065238
    outer loop
      vertex 2.75 -16.2308 7.70632
      vertex 0 -16.25 8
      vertex 2.75 -16.25 8
    endloop
  endfacet
  facet normal 0 0.99787 0.065238
    outer loop
      vertex 0 -16.25 8
      vertex 2.75 -16.2308 7.70632
      vertex 0 -16.2308 7.70632
    endloop
  endfacet
  facet normal 0 0.751936 0.659236
    outer loop
      vertex 2.75 -15.591 6.40901
      vertex 0 -15.785 6.63029
      vertex 2.75 -15.785 6.63029
    endloop
  endfacet
  facet normal 0 0.751936 0.659236
    outer loop
      vertex 0 -15.785 6.63029
      vertex 2.75 -15.591 6.40901
      vertex 0 -15.591 6.40901
    endloop
  endfacet
  facet normal 0 0.321421 -0.946936
    outer loop
      vertex 0 -14.861 10.0787
      vertex 2.75 -14.5823 10.1733
      vertex 2.75 -14.861 10.0787
    endloop
  endfacet
  facet normal 0 0.321421 -0.946936
    outer loop
      vertex 2.75 -14.5823 10.1733
      vertex 0 -14.861 10.0787
      vertex 0 -14.5823 10.1733
    endloop
  endfacet
  facet normal 0 -0.659298 0.751882
    outer loop
      vertex 0 -12.409 6.40901
      vertex 2.75 -12.6303 6.21496
      vertex 2.75 -12.409 6.40901
    endloop
  endfacet
  facet normal 0 -0.659298 0.751882
    outer loop
      vertex 2.75 -12.6303 6.21496
      vertex 0 -12.409 6.40901
      vertex 0 -12.6303 6.21496
    endloop
  endfacet
  facet normal 0 -0.0654027 0.997859
    outer loop
      vertex 0 -13.7063 5.76925
      vertex 2.75 -14 5.75
      vertex 2.75 -13.7063 5.76925
    endloop
  endfacet
  facet normal 0 -0.0654027 0.997859
    outer loop
      vertex 2.75 -14 5.75
      vertex 0 -13.7063 5.76925
      vertex 0 -14 5.75
    endloop
  endfacet
  facet normal 0 -0.195397 -0.980724
    outer loop
      vertex 0 -13.7063 10.2308
      vertex 2.75 -13.4177 10.1733
      vertex 2.75 -13.7063 10.2308
    endloop
  endfacet
  facet normal -0 -0.195397 -0.980724
    outer loop
      vertex 2.75 -13.4177 10.1733
      vertex 0 -13.7063 10.2308
      vertex 0 -13.4177 10.1733
    endloop
  endfacet
  facet normal 0 -0.321421 -0.946936
    outer loop
      vertex 0 -13.4177 10.1733
      vertex 2.75 -13.139 10.0787
      vertex 2.75 -13.4177 10.1733
    endloop
  endfacet
  facet normal -0 -0.321421 -0.946936
    outer loop
      vertex 2.75 -13.139 10.0787
      vertex 0 -13.4177 10.1733
      vertex 0 -13.139 10.0787
    endloop
  endfacet
  facet normal 0 -0.946936 0.321421
    outer loop
      vertex 0 -11.9213 7.13896
      vertex 2.75 -11.8267 7.41766
      vertex 0 -11.8267 7.41766
    endloop
  endfacet
  facet normal 0 -0.946936 0.321421
    outer loop
      vertex 2.75 -11.8267 7.41766
      vertex 0 -11.9213 7.13896
      vertex 2.75 -11.9213 7.13896
    endloop
  endfacet
  facet normal 0 0.195397 -0.980724
    outer loop
      vertex 0 -14.5823 10.1733
      vertex 2.75 -14.2937 10.2308
      vertex 2.75 -14.5823 10.1733
    endloop
  endfacet
  facet normal 0 0.195397 -0.980724
    outer loop
      vertex 2.75 -14.2937 10.2308
      vertex 0 -14.5823 10.1733
      vertex 0 -14.2937 10.2308
    endloop
  endfacet
  facet normal 0 0.946936 -0.321421
    outer loop
      vertex 2.75 -16.1733 8.58234
      vertex 0 -16.0787 8.86104
      vertex 2.75 -16.0787 8.86104
    endloop
  endfacet
  facet normal 0 0.946936 -0.321421
    outer loop
      vertex 0 -16.0787 8.86104
      vertex 2.75 -16.1733 8.58234
      vertex 0 -16.1733 8.58234
    endloop
  endfacet
  facet normal 0 -0.555609 -0.831443
    outer loop
      vertex 0 -12.875 9.94856
      vertex 2.75 -12.6303 9.78504
      vertex 2.75 -12.875 9.94856
    endloop
  endfacet
  facet normal -0 -0.555609 -0.831443
    outer loop
      vertex 2.75 -12.6303 9.78504
      vertex 0 -12.875 9.94856
      vertex 0 -12.6303 9.78504
    endloop
  endfacet
  facet normal 0 -0.195136 0.980776
    outer loop
      vertex 0 -13.4177 5.82667
      vertex 2.75 -13.7063 5.76925
      vertex 2.75 -13.4177 5.82667
    endloop
  endfacet
  facet normal 0 -0.195136 0.980776
    outer loop
      vertex 2.75 -13.7063 5.76925
      vertex 0 -13.4177 5.82667
      vertex 0 -13.7063 5.76925
    endloop
  endfacet
  facet normal 0 -0.442233 0.8969
    outer loop
      vertex 0 -12.875 6.05144
      vertex 2.75 -13.139 5.92127
      vertex 2.75 -12.875 6.05144
    endloop
  endfacet
  facet normal 0 -0.442233 0.8969
    outer loop
      vertex 2.75 -13.139 5.92127
      vertex 0 -12.875 6.05144
      vertex 0 -13.139 5.92127
    endloop
  endfacet
  facet normal -0 0.442233 0.8969
    outer loop
      vertex 0 -14.861 5.92127
      vertex 2.75 -15.125 6.05144
      vertex 2.75 -14.861 5.92127
    endloop
  endfacet
  facet normal 0 0.442233 0.8969
    outer loop
      vertex 2.75 -15.125 6.05144
      vertex 0 -14.861 5.92127
      vertex 0 -15.125 6.05144
    endloop
  endfacet
  facet normal 0 0.751936 -0.659236
    outer loop
      vertex 2.75 -15.785 9.36971
      vertex 0 -15.591 9.59099
      vertex 2.75 -15.591 9.59099
    endloop
  endfacet
  facet normal 0 0.751936 -0.659236
    outer loop
      vertex 0 -15.591 9.59099
      vertex 2.75 -15.785 9.36971
      vertex 0 -15.785 9.36971
    endloop
  endfacet
  facet normal 0 0.896968 0.442096
    outer loop
      vertex 2.75 -15.9486 6.875
      vertex 0 -16.0787 7.13896
      vertex 2.75 -16.0787 7.13896
    endloop
  endfacet
  facet normal 0 0.896968 0.442096
    outer loop
      vertex 0 -16.0787 7.13896
      vertex 2.75 -15.9486 6.875
      vertex 0 -15.9486 6.875
    endloop
  endfacet
  facet normal 0 0.99787 -0.065238
    outer loop
      vertex 2.75 -16.25 8
      vertex 0 -16.2308 8.29368
      vertex 2.75 -16.2308 8.29368
    endloop
  endfacet
  facet normal 0 0.99787 -0.065238
    outer loop
      vertex 0 -16.2308 8.29368
      vertex 2.75 -16.25 8
      vertex 0 -16.25 8
    endloop
  endfacet
  facet normal 0 0.831328 0.555782
    outer loop
      vertex 2.75 -15.785 6.63029
      vertex 0 -15.9486 6.875
      vertex 2.75 -15.9486 6.875
    endloop
  endfacet
  facet normal 0 0.831328 0.555782
    outer loop
      vertex 0 -15.9486 6.875
      vertex 2.75 -15.785 6.63029
      vertex 0 -15.785 6.63029
    endloop
  endfacet
  facet normal 0 0.555609 -0.831443
    outer loop
      vertex 0 -15.3697 9.78504
      vertex 2.75 -15.125 9.94856
      vertex 2.75 -15.3697 9.78504
    endloop
  endfacet
  facet normal 0 0.555609 -0.831443
    outer loop
      vertex 2.75 -15.125 9.94856
      vertex 0 -15.3697 9.78504
      vertex 0 -15.125 9.94856
    endloop
  endfacet
  facet normal 0 -0.831328 0.555782
    outer loop
      vertex 0 -12.215 6.63029
      vertex 2.75 -12.0514 6.875
      vertex 0 -12.0514 6.875
    endloop
  endfacet
  facet normal 0 -0.831328 0.555782
    outer loop
      vertex 2.75 -12.0514 6.875
      vertex 0 -12.215 6.63029
      vertex 2.75 -12.215 6.63029
    endloop
  endfacet
  facet normal -0 0.0654027 0.997859
    outer loop
      vertex 0 -14 5.75
      vertex 2.75 -14.2937 5.76925
      vertex 2.75 -14 5.75
    endloop
  endfacet
  facet normal 0 0.0654027 0.997859
    outer loop
      vertex 2.75 -14.2937 5.76925
      vertex 0 -14 5.75
      vertex 0 -14.2937 5.76925
    endloop
  endfacet
  facet normal 0 0.659298 -0.751882
    outer loop
      vertex 0 -15.591 9.59099
      vertex 2.75 -15.3697 9.78504
      vertex 2.75 -15.591 9.59099
    endloop
  endfacet
  facet normal 0 0.659298 -0.751882
    outer loop
      vertex 2.75 -15.3697 9.78504
      vertex 0 -15.591 9.59099
      vertex 0 -15.3697 9.78504
    endloop
  endfacet
  facet normal 0 -0.555609 0.831443
    outer loop
      vertex 0 -12.6303 6.21496
      vertex 2.75 -12.875 6.05144
      vertex 2.75 -12.6303 6.21496
    endloop
  endfacet
  facet normal 0 -0.555609 0.831443
    outer loop
      vertex 2.75 -12.875 6.05144
      vertex 0 -12.6303 6.21496
      vertex 0 -12.875 6.05144
    endloop
  endfacet
  facet normal 0 0.980732 -0.195358
    outer loop
      vertex 2.75 -16.2308 8.29368
      vertex 0 -16.1733 8.58234
      vertex 2.75 -16.1733 8.58234
    endloop
  endfacet
  facet normal 0 0.980732 -0.195358
    outer loop
      vertex 0 -16.1733 8.58234
      vertex 2.75 -16.2308 8.29368
      vertex 0 -16.2308 8.29368
    endloop
  endfacet
  facet normal 0 0.0652336 -0.99787
    outer loop
      vertex 0 -14.2937 10.2308
      vertex 2.75 -14 10.25
      vertex 2.75 -14.2937 10.2308
    endloop
  endfacet
  facet normal 0 0.0652336 -0.99787
    outer loop
      vertex 2.75 -14 10.25
      vertex 0 -14.2937 10.2308
      vertex 0 -14 10.25
    endloop
  endfacet
  facet normal -0 0.321421 0.946936
    outer loop
      vertex 0 -14.5823 5.82667
      vertex 2.75 -14.861 5.92127
      vertex 2.75 -14.5823 5.82667
    endloop
  endfacet
  facet normal 0 0.321421 0.946936
    outer loop
      vertex 2.75 -14.861 5.92127
      vertex 0 -14.5823 5.82667
      vertex 0 -14.861 5.92127
    endloop
  endfacet
  facet normal 0 0.980732 0.195358
    outer loop
      vertex 2.75 -16.1733 7.41766
      vertex 0 -16.2308 7.70632
      vertex 2.75 -16.2308 7.70632
    endloop
  endfacet
  facet normal 0 0.980732 0.195358
    outer loop
      vertex 0 -16.2308 7.70632
      vertex 2.75 -16.1733 7.41766
      vertex 0 -16.1733 7.41766
    endloop
  endfacet
  facet normal 0 -0.0652336 -0.99787
    outer loop
      vertex 0 -14 10.25
      vertex 2.75 -13.7063 10.2308
      vertex 2.75 -14 10.25
    endloop
  endfacet
  facet normal -0 -0.0652336 -0.99787
    outer loop
      vertex 2.75 -13.7063 10.2308
      vertex 0 -14 10.25
      vertex 0 -13.7063 10.2308
    endloop
  endfacet
  facet normal -0 0.195136 0.980776
    outer loop
      vertex 0 -14.2937 5.76925
      vertex 2.75 -14.5823 5.82667
      vertex 2.75 -14.2937 5.76925
    endloop
  endfacet
  facet normal 0 0.195136 0.980776
    outer loop
      vertex 2.75 -14.5823 5.82667
      vertex 0 -14.2937 5.76925
      vertex 0 -14.5823 5.82667
    endloop
  endfacet
  facet normal 0 0.831328 -0.555782
    outer loop
      vertex 2.75 -15.9486 9.125
      vertex 0 -15.785 9.36971
      vertex 2.75 -15.785 9.36971
    endloop
  endfacet
  facet normal 0 0.831328 -0.555782
    outer loop
      vertex 0 -15.785 9.36971
      vertex 2.75 -15.9486 9.125
      vertex 0 -15.9486 9.125
    endloop
  endfacet
  facet normal 0.704782 -0.636265 0.313766
    outer loop
      vertex 2.75 -11.9213 7.13896
      vertex 5 -10.1115 5.75498
      vertex 5 -9.85174 6.28173
    endloop
  endfacet
  facet normal 0.704767 -0.636344 0.31364
    outer loop
      vertex 5 -10.1115 5.75498
      vertex 2.75 -11.9213 7.13896
      vertex 2.75 -12.0514 6.875
    endloop
  endfacet
  facet normal 0.704777 -0.138434 -0.695791
    outer loop
      vertex 5 -13.4139 12.4516
      vertex 2.75 -13.4177 10.1733
      vertex 5 -12.8379 12.337
    endloop
  endfacet
  facet normal 0.704758 -0.138624 -0.695773
    outer loop
      vertex 2.75 -13.4177 10.1733
      vertex 5 -13.4139 12.4516
      vertex 2.75 -13.7063 10.2308
    endloop
  endfacet
  facet normal 0.704777 -0.707911 -0.0463894
    outer loop
      vertex 5 -9.50996 8
      vertex 5 -9.54828 8.58477
      vertex 2.75 -11.75 8
    endloop
  endfacet
  facet normal 0.704852 -0.70766 -0.0489919
    outer loop
      vertex 2.75 -11.7692 8.29368
      vertex 5 -9.54828 8.58477
      vertex 5 -9.54837 8.58607
    endloop
  endfacet
  facet normal 0.704766 -0.707928 -0.0462824
    outer loop
      vertex 5 -9.54828 8.58477
      vertex 2.75 -11.7692 8.29368
      vertex 2.75 -11.75 8
    endloop
  endfacet
  facet normal 0.70477 -0.695805 0.138402
    outer loop
      vertex 2.75 -11.7692 7.70632
      vertex 5 -9.66295 6.83789
      vertex 5 -9.54837 7.41393
    endloop
  endfacet
  facet normal 0.704789 -0.695748 0.13859
    outer loop
      vertex 5 -9.66295 6.83789
      vertex 2.75 -11.7692 7.70632
      vertex 2.75 -11.8267 7.41766
    endloop
  endfacet
  facet normal 0.704774 -0.467805 0.53334
    outer loop
      vertex 2.75 -12.409 6.40901
      vertex 5 -11.2666 4.43781
      vertex 5 -10.8251 4.82506
    endloop
  endfacet
  facet normal 0.704784 -0.46772 0.533401
    outer loop
      vertex 5 -11.2666 4.43781
      vertex 2.75 -12.409 6.40901
      vertex 2.75 -12.6303 6.21496
    endloop
  endfacet
  facet normal 0.704763 -0.0462795 -0.707932
    outer loop
      vertex 2.75 -13.7063 10.2308
      vertex 5 -13.4152 12.4517
      vertex 2.75 -14 10.25
    endloop
  endfacet
  facet normal 0.705005 -0.0543933 -0.707113
    outer loop
      vertex 5 -13.4152 12.4517
      vertex 2.75 -13.7063 10.2308
      vertex 5 -13.4139 12.4516
    endloop
  endfacet
  facet normal 0.704788 0.22793 -0.671805
    outer loop
      vertex 5 -15.1633 12.3366
      vertex 5 -15.7183 12.1483
      vertex 2.75 -14.861 10.0787
    endloop
  endfacet
  facet normal 0.704782 -0.671776 0.228033
    outer loop
      vertex 5 -9.85174 6.28173
      vertex 5 -9.66337 6.83666
      vertex 2.75 -11.9213 7.13896
    endloop
  endfacet
  facet normal 0.704796 0.313666 -0.636299
    outer loop
      vertex 5 -15.7183 12.1483
      vertex 2.75 -15.125 9.94856
      vertex 2.75 -14.861 10.0787
    endloop
  endfacet
  facet normal 0.704779 0.31383 -0.636237
    outer loop
      vertex 2.75 -15.125 9.94856
      vertex 5 -15.7183 12.1483
      vertex 5 -16.245 11.8885
    endloop
  endfacet
  facet normal 0.70474 -0.671403 0.229259
    outer loop
      vertex 2.75 -11.8267 7.41766
      vertex 5 -9.66337 6.83666
      vertex 5 -9.66295 6.83789
    endloop
  endfacet
  facet normal 0.704783 -0.671779 0.228024
    outer loop
      vertex 5 -9.66337 6.83666
      vertex 2.75 -11.8267 7.41766
      vertex 2.75 -11.9213 7.13896
    endloop
  endfacet
  facet normal 0.704785 0.671799 0.227956
    outer loop
      vertex 5 -18.3366 6.83666
      vertex 5 -18.1483 6.28173
      vertex 2.75 -16.0787 7.13896
    endloop
  endfacet
  facet normal 0.704768 0.533452 0.467687
    outer loop
      vertex 2.75 -15.785 6.63029
      vertex 5 -17.1749 4.82506
      vertex 2.75 -15.591 6.40901
    endloop
  endfacet
  facet normal 0.704783 0.53334 0.467792
    outer loop
      vertex 5 -17.1749 4.82506
      vertex 2.75 -15.785 6.63029
      vertex 5 -17.5622 5.26663
    endloop
  endfacet
  facet normal 0.704771 0.707918 -0.0463657
    outer loop
      vertex 5 -18.4517 8.58477
      vertex 5 -18.49 8
      vertex 2.75 -16.25 8
    endloop
  endfacet
  facet normal 0.704899 0.224303 -0.672908
    outer loop
      vertex 5 -15.1633 12.3366
      vertex 2.75 -14.5823 10.1733
      vertex 5 -15.1621 12.337
    endloop
  endfacet
  facet normal 0.704778 0.228025 -0.671783
    outer loop
      vertex 2.75 -14.5823 10.1733
      vertex 5 -15.1633 12.3366
      vertex 2.75 -14.861 10.0787
    endloop
  endfacet
  facet normal 0.70478 -0.228008 0.671787
    outer loop
      vertex 5 -12.8367 3.66337
      vertex 5 -12.2817 3.85174
      vertex 2.75 -13.139 5.92127
    endloop
  endfacet
  facet normal 0.704781 0.695756 0.138592
    outer loop
      vertex 2.75 -16.2308 7.70632
      vertex 5 -18.337 6.83789
      vertex 2.75 -16.1733 7.41766
    endloop
  endfacet
  facet normal 0.704764 0.695806 0.138427
    outer loop
      vertex 5 -18.337 6.83789
      vertex 2.75 -16.2308 7.70632
      vertex 5 -18.4516 7.41393
    endloop
  endfacet
  facet normal 0.704766 -0.707928 0.0462824
    outer loop
      vertex 2.75 -11.7692 7.70632
      vertex 5 -9.54828 7.41523
      vertex 2.75 -11.75 8
    endloop
  endfacet
  facet normal 0.704852 -0.70766 0.0489919
    outer loop
      vertex 5 -9.54828 7.41523
      vertex 2.75 -11.7692 7.70632
      vertex 5 -9.54837 7.41393
    endloop
  endfacet
  facet normal 0.704777 -0.707911 0.0463894
    outer loop
      vertex 5 -9.54828 7.41523
      vertex 5 -9.50996 8
      vertex 2.75 -11.75 8
    endloop
  endfacet
  facet normal 0.704783 -0.53334 0.467792
    outer loop
      vertex 2.75 -12.215 6.63029
      vertex 5 -10.8251 4.82506
      vertex 5 -10.4378 5.26663
    endloop
  endfacet
  facet normal 0.704768 -0.533452 0.467687
    outer loop
      vertex 5 -10.8251 4.82506
      vertex 2.75 -12.215 6.63029
      vertex 2.75 -12.409 6.40901
    endloop
  endfacet
  facet normal 0.704781 0.695756 -0.138592
    outer loop
      vertex 5 -18.337 9.16211
      vertex 2.75 -16.2308 8.29368
      vertex 2.75 -16.1733 8.58234
    endloop
  endfacet
  facet normal 0.704764 0.695806 -0.138427
    outer loop
      vertex 2.75 -16.2308 8.29368
      vertex 5 -18.337 9.16211
      vertex 5 -18.4516 8.58607
    endloop
  endfacet
  facet normal 0.704791 0.589757 0.39428
    outer loop
      vertex 2.75 -15.9486 6.875
      vertex 5 -17.5622 5.26663
      vertex 2.75 -15.785 6.63029
    endloop
  endfacet
  facet normal 0.704773 0.589875 0.394136
    outer loop
      vertex 5 -17.5622 5.26663
      vertex 2.75 -15.9486 6.875
      vertex 5 -17.8885 5.75498
    endloop
  endfacet
  facet normal 0.704784 0.31373 0.636281
    outer loop
      vertex 2.75 -15.125 6.05144
      vertex 5 -15.7183 3.85174
      vertex 2.75 -14.861 5.92127
    endloop
  endfacet
  facet normal 0.704776 0.313802 0.636254
    outer loop
      vertex 5 -15.7183 3.85174
      vertex 2.75 -15.125 6.05144
      vertex 5 -16.245 4.11151
    endloop
  endfacet
  facet normal 0.704794 0.589755 -0.394278
    outer loop
      vertex 5 -17.5622 10.7334
      vertex 2.75 -15.9486 9.125
      vertex 2.75 -15.785 9.36971
    endloop
  endfacet
  facet normal 0.704772 0.589894 -0.394108
    outer loop
      vertex 2.75 -15.9486 9.125
      vertex 5 -17.5622 10.7334
      vertex 5 -17.8885 10.245
    endloop
  endfacet
  facet normal 0.704778 0.671783 0.228025
    outer loop
      vertex 2.75 -16.1733 7.41766
      vertex 5 -18.3366 6.83666
      vertex 2.75 -16.0787 7.13896
    endloop
  endfacet
  facet normal 0.705044 0.674398 0.219317
    outer loop
      vertex 5 -18.3366 6.83666
      vertex 2.75 -16.1733 7.41766
      vertex 5 -18.337 6.83789
    endloop
  endfacet
  facet normal 0.704773 -0.589875 0.394136
    outer loop
      vertex 2.75 -12.0514 6.875
      vertex 5 -10.4378 5.26663
      vertex 5 -10.1115 5.75498
    endloop
  endfacet
  facet normal 0.704791 -0.589757 0.39428
    outer loop
      vertex 5 -10.4378 5.26663
      vertex 2.75 -12.0514 6.875
      vertex 2.75 -12.215 6.63029
    endloop
  endfacet
  facet normal 0.704764 0.533455 -0.46769
    outer loop
      vertex 5 -17.1749 11.1749
      vertex 2.75 -15.785 9.36971
      vertex 2.75 -15.591 9.59099
    endloop
  endfacet
  facet normal 0.704784 0.533303 -0.467833
    outer loop
      vertex 2.75 -15.785 9.36971
      vertex 5 -17.1749 11.1749
      vertex 5 -17.5622 10.7334
    endloop
  endfacet
  facet normal 0.704781 -0.394103 0.589887
    outer loop
      vertex 2.75 -12.6303 6.21496
      vertex 5 -11.755 4.11151
      vertex 5 -11.2666 4.43781
    endloop
  endfacet
  facet normal 0.704774 -0.394167 0.589853
    outer loop
      vertex 5 -11.755 4.11151
      vertex 2.75 -12.6303 6.21496
      vertex 2.75 -12.875 6.05144
    endloop
  endfacet
  facet normal 0.704771 0.0463633 -0.707918
    outer loop
      vertex 5 -14 12.49
      vertex 5 -14.5848 12.4517
      vertex 2.75 -14 10.25
    endloop
  endfacet
  facet normal 0.704778 -0.046399 0.707909
    outer loop
      vertex 5 -14 3.50995
      vertex 5 -13.4152 3.54828
      vertex 2.75 -14 5.75
    endloop
  endfacet
  facet normal 0.704772 -0.589894 -0.394108
    outer loop
      vertex 5 -10.4378 10.7334
      vertex 2.75 -12.0514 9.125
      vertex 5 -10.1115 10.245
    endloop
  endfacet
  facet normal 0.704794 -0.589755 -0.394278
    outer loop
      vertex 2.75 -12.0514 9.125
      vertex 5 -10.4378 10.7334
      vertex 2.75 -12.215 9.36971
    endloop
  endfacet
  facet normal 0.704779 -0.13841 0.695794
    outer loop
      vertex 2.75 -13.4177 5.82667
      vertex 5 -13.4139 3.54837
      vertex 5 -12.8379 3.66295
    endloop
  endfacet
  facet normal 0.704777 -0.138435 0.695791
    outer loop
      vertex 5 -13.4139 3.54837
      vertex 2.75 -13.4177 5.82667
      vertex 2.75 -13.7063 5.76925
    endloop
  endfacet
  facet normal 0.704778 -0.228025 0.671783
    outer loop
      vertex 2.75 -13.4177 5.82667
      vertex 5 -12.8367 3.66337
      vertex 2.75 -13.139 5.92127
    endloop
  endfacet
  facet normal 0.704545 -0.234436 0.669818
    outer loop
      vertex 5 -12.8367 3.66337
      vertex 2.75 -13.4177 5.82667
      vertex 5 -12.8379 3.66295
    endloop
  endfacet
  facet normal 0.704771 0.707918 0.0463657
    outer loop
      vertex 5 -18.49 8
      vertex 5 -18.4517 7.41523
      vertex 2.75 -16.25 8
    endloop
  endfacet
  facet normal 0.704758 0.138624 -0.695773
    outer loop
      vertex 5 -14.5861 12.4516
      vertex 2.75 -14.5823 10.1733
      vertex 2.75 -14.2937 10.2308
    endloop
  endfacet
  facet normal 0.704777 0.138434 -0.695791
    outer loop
      vertex 2.75 -14.5823 10.1733
      vertex 5 -14.5861 12.4516
      vertex 5 -15.1621 12.337
    endloop
  endfacet
  facet normal 0.704776 -0.313802 0.636254
    outer loop
      vertex 2.75 -12.875 6.05144
      vertex 5 -12.2817 3.85174
      vertex 5 -11.755 4.11151
    endloop
  endfacet
  facet normal 0.704784 -0.31373 0.636281
    outer loop
      vertex 5 -12.2817 3.85174
      vertex 2.75 -12.875 6.05144
      vertex 2.75 -13.139 5.92127
    endloop
  endfacet
  facet normal 0.70478 0.228008 0.671787
    outer loop
      vertex 5 -15.7183 3.85174
      vertex 5 -15.1633 3.66337
      vertex 2.75 -14.861 5.92127
    endloop
  endfacet
  facet normal 0.704899 -0.224303 -0.672908
    outer loop
      vertex 2.75 -13.4177 10.1733
      vertex 5 -12.8367 12.3366
      vertex 5 -12.8379 12.337
    endloop
  endfacet
  facet normal 0.704778 -0.228025 -0.671783
    outer loop
      vertex 5 -12.8367 12.3366
      vertex 2.75 -13.4177 10.1733
      vertex 2.75 -13.139 10.0787
    endloop
  endfacet
  facet normal 0.704785 0.46772 -0.5334
    outer loop
      vertex 5 -16.7334 11.5622
      vertex 2.75 -15.591 9.59099
      vertex 2.75 -15.3697 9.78504
    endloop
  endfacet
  facet normal 0.704771 0.467842 -0.533313
    outer loop
      vertex 2.75 -15.591 9.59099
      vertex 5 -16.7334 11.5622
      vertex 5 -17.1749 11.1749
    endloop
  endfacet
  facet normal 0.704784 0.46772 0.533401
    outer loop
      vertex 2.75 -15.591 6.40901
      vertex 5 -16.7334 4.43781
      vertex 2.75 -15.3697 6.21496
    endloop
  endfacet
  facet normal 0.704774 0.467805 0.53334
    outer loop
      vertex 5 -16.7334 4.43781
      vertex 2.75 -15.591 6.40901
      vertex 5 -17.1749 4.82506
    endloop
  endfacet
  facet normal 0.70486 -0.0489913 0.707652
    outer loop
      vertex 2.75 -13.7063 5.76925
      vertex 5 -13.4152 3.54828
      vertex 5 -13.4139 3.54837
    endloop
  endfacet
  facet normal 0.704778 -0.0463985 0.707909
    outer loop
      vertex 5 -13.4152 3.54828
      vertex 2.75 -13.7063 5.76925
      vertex 2.75 -14 5.75
    endloop
  endfacet
  facet normal 0.704767 0.636344 0.31364
    outer loop
      vertex 2.75 -16.0787 7.13896
      vertex 5 -17.8885 5.75498
      vertex 2.75 -15.9486 6.875
    endloop
  endfacet
  facet normal 0.704786 0.636242 0.313803
    outer loop
      vertex 5 -17.8885 5.75498
      vertex 2.75 -16.0787 7.13896
      vertex 5 -18.1483 6.28173
    endloop
  endfacet
  facet normal 0.704788 -0.22793 -0.671805
    outer loop
      vertex 5 -12.2817 12.1483
      vertex 5 -12.8367 12.3366
      vertex 2.75 -13.139 10.0787
    endloop
  endfacet
  facet normal 0.704774 0.394167 0.589853
    outer loop
      vertex 2.75 -15.3697 6.21496
      vertex 5 -16.245 4.11151
      vertex 2.75 -15.125 6.05144
    endloop
  endfacet
  facet normal 0.704781 0.394103 0.589887
    outer loop
      vertex 5 -16.245 4.11151
      vertex 2.75 -15.3697 6.21496
      vertex 5 -16.7334 4.43781
    endloop
  endfacet
  facet normal 0.705005 0.0543933 -0.707113
    outer loop
      vertex 2.75 -14.2937 10.2308
      vertex 5 -14.5848 12.4517
      vertex 5 -14.5861 12.4516
    endloop
  endfacet
  facet normal 0.704763 0.0462795 -0.707932
    outer loop
      vertex 5 -14.5848 12.4517
      vertex 2.75 -14.2937 10.2308
      vertex 2.75 -14 10.25
    endloop
  endfacet
  facet normal 0.704781 -0.636264 -0.313771
    outer loop
      vertex 5 -10.1115 10.245
      vertex 2.75 -11.9213 8.86104
      vertex 5 -9.85174 9.71826
    endloop
  endfacet
  facet normal 0.704766 -0.636345 -0.31364
    outer loop
      vertex 2.75 -11.9213 8.86104
      vertex 5 -10.1115 10.245
      vertex 2.75 -12.0514 9.125
    endloop
  endfacet
  facet normal 0.70474 -0.671403 -0.229259
    outer loop
      vertex 5 -9.66337 9.16334
      vertex 2.75 -11.8267 8.58234
      vertex 5 -9.66295 9.16211
    endloop
  endfacet
  facet normal 0.704783 -0.671779 -0.228024
    outer loop
      vertex 2.75 -11.8267 8.58234
      vertex 5 -9.66337 9.16334
      vertex 2.75 -11.9213 8.86104
    endloop
  endfacet
  facet normal 0.704785 0.671798 -0.22796
    outer loop
      vertex 5 -18.1483 9.71826
      vertex 5 -18.3366 9.16334
      vertex 2.75 -16.0787 8.86104
    endloop
  endfacet
  facet normal 0.704778 0.0463985 0.707909
    outer loop
      vertex 2.75 -14.2937 5.76925
      vertex 5 -14.5848 3.54828
      vertex 2.75 -14 5.75
    endloop
  endfacet
  facet normal 0.70486 0.0489913 0.707652
    outer loop
      vertex 5 -14.5848 3.54828
      vertex 2.75 -14.2937 5.76925
      vertex 5 -14.5861 3.54837
    endloop
  endfacet
  facet normal 0.705005 0.707113 -0.0543933
    outer loop
      vertex 5 -18.4517 8.58477
      vertex 2.75 -16.2308 8.29368
      vertex 5 -18.4516 8.58607
    endloop
  endfacet
  facet normal 0.704763 0.707931 -0.0462826
    outer loop
      vertex 2.75 -16.2308 8.29368
      vertex 5 -18.4517 8.58477
      vertex 2.75 -16.25 8
    endloop
  endfacet
  facet normal 0.704782 -0.394103 -0.589886
    outer loop
      vertex 5 -11.755 11.8885
      vertex 2.75 -12.6303 9.78504
      vertex 5 -11.2666 11.5622
    endloop
  endfacet
  facet normal 0.704775 -0.394167 -0.589852
    outer loop
      vertex 2.75 -12.6303 9.78504
      vertex 5 -11.755 11.8885
      vertex 2.75 -12.875 9.94856
    endloop
  endfacet
  facet normal 0.704781 -0.671776 -0.228037
    outer loop
      vertex 5 -9.66337 9.16334
      vertex 5 -9.85174 9.71826
      vertex 2.75 -11.9213 8.86104
    endloop
  endfacet
  facet normal 0.704771 -0.0463633 -0.707918
    outer loop
      vertex 5 -13.4152 12.4517
      vertex 5 -14 12.49
      vertex 2.75 -14 10.25
    endloop
  endfacet
  facet normal 0.704778 0.228025 0.671783
    outer loop
      vertex 5 -15.1633 3.66337
      vertex 2.75 -14.5823 5.82667
      vertex 2.75 -14.861 5.92127
    endloop
  endfacet
  facet normal 0.704545 0.234436 0.669818
    outer loop
      vertex 2.75 -14.5823 5.82667
      vertex 5 -15.1633 3.66337
      vertex 5 -15.1621 3.66295
    endloop
  endfacet
  facet normal 0.704766 0.636345 -0.31364
    outer loop
      vertex 5 -17.8885 10.245
      vertex 2.75 -16.0787 8.86104
      vertex 2.75 -15.9486 9.125
    endloop
  endfacet
  facet normal 0.704785 0.636241 -0.313808
    outer loop
      vertex 2.75 -16.0787 8.86104
      vertex 5 -17.8885 10.245
      vertex 5 -18.1483 9.71826
    endloop
  endfacet
  facet normal 0.704778 0.046399 0.707909
    outer loop
      vertex 5 -14.5848 3.54828
      vertex 5 -14 3.50995
      vertex 2.75 -14 5.75
    endloop
  endfacet
  facet normal 0.704779 -0.31383 -0.636237
    outer loop
      vertex 5 -12.2817 12.1483
      vertex 2.75 -12.875 9.94856
      vertex 5 -11.755 11.8885
    endloop
  endfacet
  facet normal 0.704796 -0.313666 -0.636299
    outer loop
      vertex 2.75 -12.875 9.94856
      vertex 5 -12.2817 12.1483
      vertex 2.75 -13.139 10.0787
    endloop
  endfacet
  facet normal 0.704777 0.138435 0.695791
    outer loop
      vertex 2.75 -14.5823 5.82667
      vertex 5 -14.5861 3.54837
      vertex 2.75 -14.2937 5.76925
    endloop
  endfacet
  facet normal 0.704779 0.13841 0.695794
    outer loop
      vertex 5 -14.5861 3.54837
      vertex 2.75 -14.5823 5.82667
      vertex 5 -15.1621 3.66295
    endloop
  endfacet
  facet normal 0.704763 0.707931 0.0462826
    outer loop
      vertex 5 -18.4517 7.41523
      vertex 2.75 -16.2308 7.70632
      vertex 2.75 -16.25 8
    endloop
  endfacet
  facet normal 0.705005 0.707113 0.0543933
    outer loop
      vertex 2.75 -16.2308 7.70632
      vertex 5 -18.4517 7.41523
      vertex 5 -18.4516 7.41393
    endloop
  endfacet
  facet normal 0.704778 0.671783 -0.228025
    outer loop
      vertex 5 -18.3366 9.16334
      vertex 2.75 -16.1733 8.58234
      vertex 2.75 -16.0787 8.86104
    endloop
  endfacet
  facet normal 0.705044 0.674398 -0.219317
    outer loop
      vertex 2.75 -16.1733 8.58234
      vertex 5 -18.3366 9.16334
      vertex 5 -18.337 9.16211
    endloop
  endfacet
  facet normal 0.704771 -0.467842 -0.533313
    outer loop
      vertex 5 -11.2666 11.5622
      vertex 2.75 -12.409 9.59099
      vertex 5 -10.8251 11.1749
    endloop
  endfacet
  facet normal 0.704785 -0.46772 -0.5334
    outer loop
      vertex 2.75 -12.409 9.59099
      vertex 5 -11.2666 11.5622
      vertex 2.75 -12.6303 9.78504
    endloop
  endfacet
  facet normal 0.704775 0.394167 -0.589852
    outer loop
      vertex 5 -16.245 11.8885
      vertex 2.75 -15.3697 9.78504
      vertex 2.75 -15.125 9.94856
    endloop
  endfacet
  facet normal 0.704782 0.394103 -0.589886
    outer loop
      vertex 2.75 -15.3697 9.78504
      vertex 5 -16.245 11.8885
      vertex 5 -16.7334 11.5622
    endloop
  endfacet
  facet normal 0.704784 -0.533303 -0.467833
    outer loop
      vertex 5 -10.8251 11.1749
      vertex 2.75 -12.215 9.36971
      vertex 5 -10.4378 10.7334
    endloop
  endfacet
  facet normal 0.704764 -0.533455 -0.46769
    outer loop
      vertex 2.75 -12.215 9.36971
      vertex 5 -10.8251 11.1749
      vertex 2.75 -12.409 9.59099
    endloop
  endfacet
  facet normal 0.70477 -0.695805 -0.138402
    outer loop
      vertex 5 -9.66295 9.16211
      vertex 2.75 -11.7692 8.29368
      vertex 5 -9.54837 8.58607
    endloop
  endfacet
  facet normal 0.704789 -0.695748 -0.13859
    outer loop
      vertex 2.75 -11.7692 8.29368
      vertex 5 -9.66295 9.16211
      vertex 2.75 -11.8267 8.58234
    endloop
  endfacet
  facet normal 0 -0.980732 -0.195358
    outer loop
      vertex 0 86.2308 8.29368
      vertex 2.75 86.1733 8.58234
      vertex 0 86.1733 8.58234
    endloop
  endfacet
  facet normal 0 -0.980732 -0.195358
    outer loop
      vertex 2.75 86.1733 8.58234
      vertex 0 86.2308 8.29368
      vertex 2.75 86.2308 8.29368
    endloop
  endfacet
  facet normal 0 -0.99787 -0.065238
    outer loop
      vertex 0 86.25 8
      vertex 2.75 86.2308 8.29368
      vertex 0 86.2308 8.29368
    endloop
  endfacet
  facet normal 0 -0.99787 -0.065238
    outer loop
      vertex 2.75 86.2308 8.29368
      vertex 0 86.25 8
      vertex 2.75 86.25 8
    endloop
  endfacet
  facet normal 0 -0.946936 -0.321421
    outer loop
      vertex 0 86.1733 8.58234
      vertex 2.75 86.0787 8.86104
      vertex 0 86.0787 8.86104
    endloop
  endfacet
  facet normal 0 -0.946936 -0.321421
    outer loop
      vertex 2.75 86.0787 8.86104
      vertex 0 86.1733 8.58234
      vertex 2.75 86.1733 8.58234
    endloop
  endfacet
  facet normal 0 -0.831328 -0.555782
    outer loop
      vertex 0 85.9486 9.125
      vertex 2.75 85.785 9.36971
      vertex 0 85.785 9.36971
    endloop
  endfacet
  facet normal 0 -0.831328 -0.555782
    outer loop
      vertex 2.75 85.785 9.36971
      vertex 0 85.9486 9.125
      vertex 2.75 85.9486 9.125
    endloop
  endfacet
  facet normal -0 0.659298 0.751882
    outer loop
      vertex 0 82.6303 6.21496
      vertex 2.75 82.409 6.40901
      vertex 2.75 82.6303 6.21496
    endloop
  endfacet
  facet normal 0 0.659298 0.751882
    outer loop
      vertex 2.75 82.409 6.40901
      vertex 0 82.6303 6.21496
      vertex 0 82.409 6.40901
    endloop
  endfacet
  facet normal 0 -0.751936 0.659236
    outer loop
      vertex 0 85.591 6.40901
      vertex 2.75 85.785 6.63029
      vertex 0 85.785 6.63029
    endloop
  endfacet
  facet normal 0 -0.751936 0.659236
    outer loop
      vertex 2.75 85.785 6.63029
      vertex 0 85.591 6.40901
      vertex 2.75 85.591 6.40901
    endloop
  endfacet
  facet normal 0 -0.659298 -0.751882
    outer loop
      vertex 0 85.3697 9.78504
      vertex 2.75 85.591 9.59099
      vertex 2.75 85.3697 9.78504
    endloop
  endfacet
  facet normal -0 -0.659298 -0.751882
    outer loop
      vertex 2.75 85.591 9.59099
      vertex 0 85.3697 9.78504
      vertex 0 85.591 9.59099
    endloop
  endfacet
  facet normal 0 0.442151 -0.896941
    outer loop
      vertex 0 82.875 9.94856
      vertex 2.75 83.139 10.0787
      vertex 2.75 82.875 9.94856
    endloop
  endfacet
  facet normal 0 0.442151 -0.896941
    outer loop
      vertex 2.75 83.139 10.0787
      vertex 0 82.875 9.94856
      vertex 0 83.139 10.0787
    endloop
  endfacet
  facet normal 0 -0.442151 -0.896941
    outer loop
      vertex 0 84.861 10.0787
      vertex 2.75 85.125 9.94856
      vertex 2.75 84.861 10.0787
    endloop
  endfacet
  facet normal -0 -0.442151 -0.896941
    outer loop
      vertex 2.75 85.125 9.94856
      vertex 0 84.861 10.0787
      vertex 0 85.125 9.94856
    endloop
  endfacet
  facet normal 0 -0.896968 0.442096
    outer loop
      vertex 0 85.9486 6.875
      vertex 2.75 86.0787 7.13896
      vertex 0 86.0787 7.13896
    endloop
  endfacet
  facet normal 0 -0.896968 0.442096
    outer loop
      vertex 2.75 86.0787 7.13896
      vertex 0 85.9486 6.875
      vertex 2.75 85.9486 6.875
    endloop
  endfacet
  facet normal 0 -0.321421 0.946936
    outer loop
      vertex 0 84.861 5.92127
      vertex 2.75 84.5823 5.82667
      vertex 2.75 84.861 5.92127
    endloop
  endfacet
  facet normal 0 -0.321421 0.946936
    outer loop
      vertex 2.75 84.5823 5.82667
      vertex 0 84.861 5.92127
      vertex 0 84.5823 5.82667
    endloop
  endfacet
  facet normal 0 -0.896968 -0.442096
    outer loop
      vertex 0 86.0787 8.86104
      vertex 2.75 85.9486 9.125
      vertex 0 85.9486 9.125
    endloop
  endfacet
  facet normal 0 -0.896968 -0.442096
    outer loop
      vertex 2.75 85.9486 9.125
      vertex 0 86.0787 8.86104
      vertex 2.75 86.0787 8.86104
    endloop
  endfacet
  facet normal 0 0.896968 -0.442096
    outer loop
      vertex 2.75 81.9213 8.86104
      vertex 0 82.0514 9.125
      vertex 2.75 82.0514 9.125
    endloop
  endfacet
  facet normal 0 0.896968 -0.442096
    outer loop
      vertex 0 82.0514 9.125
      vertex 2.75 81.9213 8.86104
      vertex 0 81.9213 8.86104
    endloop
  endfacet
  facet normal 0 -0.751936 -0.659236
    outer loop
      vertex 0 85.785 9.36971
      vertex 2.75 85.591 9.59099
      vertex 0 85.591 9.59099
    endloop
  endfacet
  facet normal 0 -0.751936 -0.659236
    outer loop
      vertex 2.75 85.591 9.59099
      vertex 0 85.785 9.36971
      vertex 2.75 85.785 9.36971
    endloop
  endfacet
  facet normal 0 -0.980732 0.195358
    outer loop
      vertex 0 86.1733 7.41766
      vertex 2.75 86.2308 7.70632
      vertex 0 86.2308 7.70632
    endloop
  endfacet
  facet normal 0 -0.980732 0.195358
    outer loop
      vertex 2.75 86.2308 7.70632
      vertex 0 86.1733 7.41766
      vertex 2.75 86.1733 7.41766
    endloop
  endfacet
  facet normal 0 -0.99787 0.065238
    outer loop
      vertex 0 86.2308 7.70632
      vertex 2.75 86.25 8
      vertex 0 86.25 8
    endloop
  endfacet
  facet normal 0 -0.99787 0.065238
    outer loop
      vertex 2.75 86.25 8
      vertex 0 86.2308 7.70632
      vertex 2.75 86.2308 7.70632
    endloop
  endfacet
  facet normal -0 0.555609 0.831443
    outer loop
      vertex 0 82.875 6.05144
      vertex 2.75 82.6303 6.21496
      vertex 2.75 82.875 6.05144
    endloop
  endfacet
  facet normal 0 0.555609 0.831443
    outer loop
      vertex 2.75 82.6303 6.21496
      vertex 0 82.875 6.05144
      vertex 0 82.6303 6.21496
    endloop
  endfacet
  facet normal 0 0.946936 0.321421
    outer loop
      vertex 2.75 81.9213 7.13896
      vertex 0 81.8267 7.41766
      vertex 2.75 81.8267 7.41766
    endloop
  endfacet
  facet normal 0 0.946936 0.321421
    outer loop
      vertex 0 81.8267 7.41766
      vertex 2.75 81.9213 7.13896
      vertex 0 81.9213 7.13896
    endloop
  endfacet
  facet normal 0 0.99787 0.065238
    outer loop
      vertex 2.75 81.7692 7.70632
      vertex 0 81.75 8
      vertex 2.75 81.75 8
    endloop
  endfacet
  facet normal 0 0.99787 0.065238
    outer loop
      vertex 0 81.75 8
      vertex 2.75 81.7692 7.70632
      vertex 0 81.7692 7.70632
    endloop
  endfacet
  facet normal 0 0.751936 0.659236
    outer loop
      vertex 2.75 82.409 6.40901
      vertex 0 82.215 6.63029
      vertex 2.75 82.215 6.63029
    endloop
  endfacet
  facet normal 0 0.751936 0.659236
    outer loop
      vertex 0 82.215 6.63029
      vertex 2.75 82.409 6.40901
      vertex 0 82.409 6.40901
    endloop
  endfacet
  facet normal 0 0.321421 -0.946936
    outer loop
      vertex 0 83.139 10.0787
      vertex 2.75 83.4177 10.1733
      vertex 2.75 83.139 10.0787
    endloop
  endfacet
  facet normal 0 0.321421 -0.946936
    outer loop
      vertex 2.75 83.4177 10.1733
      vertex 0 83.139 10.0787
      vertex 0 83.4177 10.1733
    endloop
  endfacet
  facet normal 0 -0.659298 0.751882
    outer loop
      vertex 0 85.591 6.40901
      vertex 2.75 85.3697 6.21496
      vertex 2.75 85.591 6.40901
    endloop
  endfacet
  facet normal 0 -0.659298 0.751882
    outer loop
      vertex 2.75 85.3697 6.21496
      vertex 0 85.591 6.40901
      vertex 0 85.3697 6.21496
    endloop
  endfacet
  facet normal 0 -0.0654027 0.997859
    outer loop
      vertex 0 84.2937 5.76925
      vertex 2.75 84 5.75
      vertex 2.75 84.2937 5.76925
    endloop
  endfacet
  facet normal 0 -0.0654027 0.997859
    outer loop
      vertex 2.75 84 5.75
      vertex 0 84.2937 5.76925
      vertex 0 84 5.75
    endloop
  endfacet
  facet normal 0 -0.195397 -0.980724
    outer loop
      vertex 0 84.2937 10.2308
      vertex 2.75 84.5823 10.1733
      vertex 2.75 84.2937 10.2308
    endloop
  endfacet
  facet normal -0 -0.195397 -0.980724
    outer loop
      vertex 2.75 84.5823 10.1733
      vertex 0 84.2937 10.2308
      vertex 0 84.5823 10.1733
    endloop
  endfacet
  facet normal 0 -0.321421 -0.946936
    outer loop
      vertex 0 84.5823 10.1733
      vertex 2.75 84.861 10.0787
      vertex 2.75 84.5823 10.1733
    endloop
  endfacet
  facet normal -0 -0.321421 -0.946936
    outer loop
      vertex 2.75 84.861 10.0787
      vertex 0 84.5823 10.1733
      vertex 0 84.861 10.0787
    endloop
  endfacet
  facet normal 0 -0.946936 0.321421
    outer loop
      vertex 0 86.0787 7.13896
      vertex 2.75 86.1733 7.41766
      vertex 0 86.1733 7.41766
    endloop
  endfacet
  facet normal 0 -0.946936 0.321421
    outer loop
      vertex 2.75 86.1733 7.41766
      vertex 0 86.0787 7.13896
      vertex 2.75 86.0787 7.13896
    endloop
  endfacet
  facet normal 0 0.195397 -0.980724
    outer loop
      vertex 0 83.4177 10.1733
      vertex 2.75 83.7063 10.2308
      vertex 2.75 83.4177 10.1733
    endloop
  endfacet
  facet normal 0 0.195397 -0.980724
    outer loop
      vertex 2.75 83.7063 10.2308
      vertex 0 83.4177 10.1733
      vertex 0 83.7063 10.2308
    endloop
  endfacet
  facet normal 0 0.946936 -0.321421
    outer loop
      vertex 2.75 81.8267 8.58234
      vertex 0 81.9213 8.86104
      vertex 2.75 81.9213 8.86104
    endloop
  endfacet
  facet normal 0 0.946936 -0.321421
    outer loop
      vertex 0 81.9213 8.86104
      vertex 2.75 81.8267 8.58234
      vertex 0 81.8267 8.58234
    endloop
  endfacet
  facet normal 0 -0.555609 -0.831443
    outer loop
      vertex 0 85.125 9.94856
      vertex 2.75 85.3697 9.78504
      vertex 2.75 85.125 9.94856
    endloop
  endfacet
  facet normal -0 -0.555609 -0.831443
    outer loop
      vertex 2.75 85.3697 9.78504
      vertex 0 85.125 9.94856
      vertex 0 85.3697 9.78504
    endloop
  endfacet
  facet normal 0 -0.195136 0.980776
    outer loop
      vertex 0 84.5823 5.82667
      vertex 2.75 84.2937 5.76925
      vertex 2.75 84.5823 5.82667
    endloop
  endfacet
  facet normal 0 -0.195136 0.980776
    outer loop
      vertex 2.75 84.2937 5.76925
      vertex 0 84.5823 5.82667
      vertex 0 84.2937 5.76925
    endloop
  endfacet
  facet normal 0 -0.442233 0.8969
    outer loop
      vertex 0 85.125 6.05144
      vertex 2.75 84.861 5.92127
      vertex 2.75 85.125 6.05144
    endloop
  endfacet
  facet normal 0 -0.442233 0.8969
    outer loop
      vertex 2.75 84.861 5.92127
      vertex 0 85.125 6.05144
      vertex 0 84.861 5.92127
    endloop
  endfacet
  facet normal -0 0.442233 0.8969
    outer loop
      vertex 0 83.139 5.92127
      vertex 2.75 82.875 6.05144
      vertex 2.75 83.139 5.92127
    endloop
  endfacet
  facet normal 0 0.442233 0.8969
    outer loop
      vertex 2.75 82.875 6.05144
      vertex 0 83.139 5.92127
      vertex 0 82.875 6.05144
    endloop
  endfacet
  facet normal 0 0.751936 -0.659236
    outer loop
      vertex 2.75 82.215 9.36971
      vertex 0 82.409 9.59099
      vertex 2.75 82.409 9.59099
    endloop
  endfacet
  facet normal 0 0.751936 -0.659236
    outer loop
      vertex 0 82.409 9.59099
      vertex 2.75 82.215 9.36971
      vertex 0 82.215 9.36971
    endloop
  endfacet
  facet normal 0 0.896968 0.442096
    outer loop
      vertex 2.75 82.0514 6.875
      vertex 0 81.9213 7.13896
      vertex 2.75 81.9213 7.13896
    endloop
  endfacet
  facet normal 0 0.896968 0.442096
    outer loop
      vertex 0 81.9213 7.13896
      vertex 2.75 82.0514 6.875
      vertex 0 82.0514 6.875
    endloop
  endfacet
  facet normal 0 0.99787 -0.065238
    outer loop
      vertex 2.75 81.75 8
      vertex 0 81.7692 8.29368
      vertex 2.75 81.7692 8.29368
    endloop
  endfacet
  facet normal 0 0.99787 -0.065238
    outer loop
      vertex 0 81.7692 8.29368
      vertex 2.75 81.75 8
      vertex 0 81.75 8
    endloop
  endfacet
  facet normal 0 0.831328 0.555782
    outer loop
      vertex 2.75 82.215 6.63029
      vertex 0 82.0514 6.875
      vertex 2.75 82.0514 6.875
    endloop
  endfacet
  facet normal 0 0.831328 0.555782
    outer loop
      vertex 0 82.0514 6.875
      vertex 2.75 82.215 6.63029
      vertex 0 82.215 6.63029
    endloop
  endfacet
  facet normal 0 0.555609 -0.831443
    outer loop
      vertex 0 82.6303 9.78504
      vertex 2.75 82.875 9.94856
      vertex 2.75 82.6303 9.78504
    endloop
  endfacet
  facet normal 0 0.555609 -0.831443
    outer loop
      vertex 2.75 82.875 9.94856
      vertex 0 82.6303 9.78504
      vertex 0 82.875 9.94856
    endloop
  endfacet
  facet normal 0 -0.831328 0.555782
    outer loop
      vertex 0 85.785 6.63029
      vertex 2.75 85.9486 6.875
      vertex 0 85.9486 6.875
    endloop
  endfacet
  facet normal 0 -0.831328 0.555782
    outer loop
      vertex 2.75 85.9486 6.875
      vertex 0 85.785 6.63029
      vertex 2.75 85.785 6.63029
    endloop
  endfacet
  facet normal -0 0.0654027 0.997859
    outer loop
      vertex 0 84 5.75
      vertex 2.75 83.7063 5.76925
      vertex 2.75 84 5.75
    endloop
  endfacet
  facet normal 0 0.0654027 0.997859
    outer loop
      vertex 2.75 83.7063 5.76925
      vertex 0 84 5.75
      vertex 0 83.7063 5.76925
    endloop
  endfacet
  facet normal 0 0.659298 -0.751882
    outer loop
      vertex 0 82.409 9.59099
      vertex 2.75 82.6303 9.78504
      vertex 2.75 82.409 9.59099
    endloop
  endfacet
  facet normal 0 0.659298 -0.751882
    outer loop
      vertex 2.75 82.6303 9.78504
      vertex 0 82.409 9.59099
      vertex 0 82.6303 9.78504
    endloop
  endfacet
  facet normal 0 -0.555609 0.831443
    outer loop
      vertex 0 85.3697 6.21496
      vertex 2.75 85.125 6.05144
      vertex 2.75 85.3697 6.21496
    endloop
  endfacet
  facet normal 0 -0.555609 0.831443
    outer loop
      vertex 2.75 85.125 6.05144
      vertex 0 85.3697 6.21496
      vertex 0 85.125 6.05144
    endloop
  endfacet
  facet normal 0 0.980732 -0.195358
    outer loop
      vertex 2.75 81.7692 8.29368
      vertex 0 81.8267 8.58234
      vertex 2.75 81.8267 8.58234
    endloop
  endfacet
  facet normal 0 0.980732 -0.195358
    outer loop
      vertex 0 81.8267 8.58234
      vertex 2.75 81.7692 8.29368
      vertex 0 81.7692 8.29368
    endloop
  endfacet
  facet normal 0 0.0652336 -0.99787
    outer loop
      vertex 0 83.7063 10.2308
      vertex 2.75 84 10.25
      vertex 2.75 83.7063 10.2308
    endloop
  endfacet
  facet normal 0 0.0652336 -0.99787
    outer loop
      vertex 2.75 84 10.25
      vertex 0 83.7063 10.2308
      vertex 0 84 10.25
    endloop
  endfacet
  facet normal -0 0.321421 0.946936
    outer loop
      vertex 0 83.4177 5.82667
      vertex 2.75 83.139 5.92127
      vertex 2.75 83.4177 5.82667
    endloop
  endfacet
  facet normal 0 0.321421 0.946936
    outer loop
      vertex 2.75 83.139 5.92127
      vertex 0 83.4177 5.82667
      vertex 0 83.139 5.92127
    endloop
  endfacet
  facet normal 0 0.980732 0.195358
    outer loop
      vertex 2.75 81.8267 7.41766
      vertex 0 81.7692 7.70632
      vertex 2.75 81.7692 7.70632
    endloop
  endfacet
  facet normal 0 0.980732 0.195358
    outer loop
      vertex 0 81.7692 7.70632
      vertex 2.75 81.8267 7.41766
      vertex 0 81.8267 7.41766
    endloop
  endfacet
  facet normal 0 -0.0652336 -0.99787
    outer loop
      vertex 0 84 10.25
      vertex 2.75 84.2937 10.2308
      vertex 2.75 84 10.25
    endloop
  endfacet
  facet normal -0 -0.0652336 -0.99787
    outer loop
      vertex 2.75 84.2937 10.2308
      vertex 0 84 10.25
      vertex 0 84.2937 10.2308
    endloop
  endfacet
  facet normal -0 0.195136 0.980776
    outer loop
      vertex 0 83.7063 5.76925
      vertex 2.75 83.4177 5.82667
      vertex 2.75 83.7063 5.76925
    endloop
  endfacet
  facet normal 0 0.195136 0.980776
    outer loop
      vertex 2.75 83.4177 5.82667
      vertex 0 83.7063 5.76925
      vertex 0 83.4177 5.82667
    endloop
  endfacet
  facet normal 0 0.831328 -0.555782
    outer loop
      vertex 2.75 82.0514 9.125
      vertex 0 82.215 9.36971
      vertex 2.75 82.215 9.36971
    endloop
  endfacet
  facet normal 0 0.831328 -0.555782
    outer loop
      vertex 0 82.215 9.36971
      vertex 2.75 82.0514 9.125
      vertex 0 82.0514 9.125
    endloop
  endfacet
  facet normal 0.704786 -0.636242 0.313803
    outer loop
      vertex 2.75 86.0787 7.13896
      vertex 5 87.8885 5.75498
      vertex 5 88.1483 6.28173
    endloop
  endfacet
  facet normal 0.704767 -0.636344 0.31364
    outer loop
      vertex 5 87.8885 5.75498
      vertex 2.75 86.0787 7.13896
      vertex 2.75 85.9486 6.875
    endloop
  endfacet
  facet normal 0.704777 -0.138434 -0.695791
    outer loop
      vertex 5 84.5861 12.4516
      vertex 2.75 84.5823 10.1733
      vertex 5 85.1621 12.337
    endloop
  endfacet
  facet normal 0.704758 -0.138624 -0.695773
    outer loop
      vertex 2.75 84.5823 10.1733
      vertex 5 84.5861 12.4516
      vertex 2.75 84.2937 10.2308
    endloop
  endfacet
  facet normal 0.704771 -0.707918 -0.0463657
    outer loop
      vertex 5 88.49 8
      vertex 5 88.4517 8.58477
      vertex 2.75 86.25 8
    endloop
  endfacet
  facet normal 0.705005 -0.707113 -0.0543933
    outer loop
      vertex 2.75 86.2308 8.29368
      vertex 5 88.4517 8.58477
      vertex 5 88.4516 8.58607
    endloop
  endfacet
  facet normal 0.704763 -0.707931 -0.0462826
    outer loop
      vertex 5 88.4517 8.58477
      vertex 2.75 86.2308 8.29368
      vertex 2.75 86.25 8
    endloop
  endfacet
  facet normal 0.704768 -0.695825 0.13831
    outer loop
      vertex 2.75 86.2308 7.70632
      vertex 5 88.3371 6.83789
      vertex 5 88.4516 7.41393
    endloop
  endfacet
  facet normal 0.704797 -0.69574 0.138589
    outer loop
      vertex 5 88.3371 6.83789
      vertex 2.75 86.2308 7.70632
      vertex 2.75 86.1733 7.41766
    endloop
  endfacet
  facet normal 0.704774 -0.467805 0.53334
    outer loop
      vertex 2.75 85.591 6.40901
      vertex 5 86.7334 4.43781
      vertex 5 87.1749 4.82506
    endloop
  endfacet
  facet normal 0.704784 -0.46772 0.533401
    outer loop
      vertex 5 86.7334 4.43781
      vertex 2.75 85.591 6.40901
      vertex 2.75 85.3697 6.21496
    endloop
  endfacet
  facet normal 0.704763 -0.0462795 -0.707932
    outer loop
      vertex 2.75 84.2937 10.2308
      vertex 5 84.5848 12.4517
      vertex 2.75 84 10.25
    endloop
  endfacet
  facet normal 0.705005 -0.0543933 -0.707113
    outer loop
      vertex 5 84.5848 12.4517
      vertex 2.75 84.2937 10.2308
      vertex 5 84.5861 12.4516
    endloop
  endfacet
  facet normal 0.704788 0.22793 -0.671805
    outer loop
      vertex 5 82.8367 12.3366
      vertex 5 82.2817 12.1483
      vertex 2.75 83.139 10.0787
    endloop
  endfacet
  facet normal 0.704785 -0.671799 0.227956
    outer loop
      vertex 5 88.1483 6.28173
      vertex 5 88.3366 6.83666
      vertex 2.75 86.0787 7.13896
    endloop
  endfacet
  facet normal 0.704796 0.313666 -0.636299
    outer loop
      vertex 5 82.2817 12.1483
      vertex 2.75 82.875 9.94856
      vertex 2.75 83.139 10.0787
    endloop
  endfacet
  facet normal 0.704779 0.31383 -0.636237
    outer loop
      vertex 2.75 82.875 9.94856
      vertex 5 82.2817 12.1483
      vertex 5 81.755 11.8885
    endloop
  endfacet
  facet normal 0.7028 -0.659018 0.267894
    outer loop
      vertex 2.75 86.1733 7.41766
      vertex 5 88.3366 6.83666
      vertex 5 88.3371 6.83789
    endloop
  endfacet
  facet normal 0.704778 -0.671783 0.228025
    outer loop
      vertex 5 88.3366 6.83666
      vertex 2.75 86.1733 7.41766
      vertex 2.75 86.0787 7.13896
    endloop
  endfacet
  facet normal 0.704785 0.671799 0.227956
    outer loop
      vertex 5 79.6634 6.83666
      vertex 5 79.8517 6.28173
      vertex 2.75 81.9213 7.13896
    endloop
  endfacet
  facet normal 0.704768 0.533452 0.467687
    outer loop
      vertex 2.75 82.215 6.63029
      vertex 5 80.8251 4.82506
      vertex 2.75 82.409 6.40901
    endloop
  endfacet
  facet normal 0.704783 0.53334 0.467792
    outer loop
      vertex 5 80.8251 4.82506
      vertex 2.75 82.215 6.63029
      vertex 5 80.4378 5.26663
    endloop
  endfacet
  facet normal 0.704771 0.707918 -0.0463657
    outer loop
      vertex 5 79.5483 8.58477
      vertex 5 79.51 8
      vertex 2.75 81.75 8
    endloop
  endfacet
  facet normal 0.704899 0.224303 -0.672908
    outer loop
      vertex 5 82.8367 12.3366
      vertex 2.75 83.4177 10.1733
      vertex 5 82.8379 12.337
    endloop
  endfacet
  facet normal 0.704778 0.228025 -0.671783
    outer loop
      vertex 2.75 83.4177 10.1733
      vertex 5 82.8367 12.3366
      vertex 2.75 83.139 10.0787
    endloop
  endfacet
  facet normal 0.70478 -0.228008 0.671787
    outer loop
      vertex 5 85.1633 3.66337
      vertex 5 85.7183 3.85174
      vertex 2.75 84.861 5.92127
    endloop
  endfacet
  facet normal 0.704797 0.69574 0.138589
    outer loop
      vertex 2.75 81.7692 7.70632
      vertex 5 79.6629 6.83789
      vertex 2.75 81.8267 7.41766
    endloop
  endfacet
  facet normal 0.704768 0.695825 0.13831
    outer loop
      vertex 5 79.6629 6.83789
      vertex 2.75 81.7692 7.70632
      vertex 5 79.5484 7.41393
    endloop
  endfacet
  facet normal 0.704763 -0.707931 0.0462826
    outer loop
      vertex 2.75 86.2308 7.70632
      vertex 5 88.4517 7.41523
      vertex 2.75 86.25 8
    endloop
  endfacet
  facet normal 0.705005 -0.707113 0.0543933
    outer loop
      vertex 5 88.4517 7.41523
      vertex 2.75 86.2308 7.70632
      vertex 5 88.4516 7.41393
    endloop
  endfacet
  facet normal 0.704771 -0.707918 0.0463657
    outer loop
      vertex 5 88.4517 7.41523
      vertex 5 88.49 8
      vertex 2.75 86.25 8
    endloop
  endfacet
  facet normal 0.704783 -0.53334 0.467792
    outer loop
      vertex 2.75 85.785 6.63029
      vertex 5 87.1749 4.82506
      vertex 5 87.5622 5.26663
    endloop
  endfacet
  facet normal 0.704768 -0.533452 0.467687
    outer loop
      vertex 5 87.1749 4.82506
      vertex 2.75 85.785 6.63029
      vertex 2.75 85.591 6.40901
    endloop
  endfacet
  facet normal 0.704797 0.69574 -0.138589
    outer loop
      vertex 5 79.6629 9.16211
      vertex 2.75 81.7692 8.29368
      vertex 2.75 81.8267 8.58234
    endloop
  endfacet
  facet normal 0.704768 0.695825 -0.13831
    outer loop
      vertex 2.75 81.7692 8.29368
      vertex 5 79.6629 9.16211
      vertex 5 79.5484 8.58607
    endloop
  endfacet
  facet normal 0.704791 0.589757 0.39428
    outer loop
      vertex 2.75 82.0514 6.875
      vertex 5 80.4378 5.26663
      vertex 2.75 82.215 6.63029
    endloop
  endfacet
  facet normal 0.704773 0.589875 0.394136
    outer loop
      vertex 5 80.4378 5.26663
      vertex 2.75 82.0514 6.875
      vertex 5 80.1115 5.75498
    endloop
  endfacet
  facet normal 0.704784 0.31373 0.636281
    outer loop
      vertex 2.75 82.875 6.05144
      vertex 5 82.2817 3.85174
      vertex 2.75 83.139 5.92127
    endloop
  endfacet
  facet normal 0.704776 0.313802 0.636254
    outer loop
      vertex 5 82.2817 3.85174
      vertex 2.75 82.875 6.05144
      vertex 5 81.755 4.11151
    endloop
  endfacet
  facet normal 0.704794 0.589755 -0.394278
    outer loop
      vertex 5 80.4378 10.7334
      vertex 2.75 82.0514 9.125
      vertex 2.75 82.215 9.36971
    endloop
  endfacet
  facet normal 0.704772 0.589894 -0.394108
    outer loop
      vertex 2.75 82.0514 9.125
      vertex 5 80.4378 10.7334
      vertex 5 80.1115 10.245
    endloop
  endfacet
  facet normal 0.704778 0.671783 0.228025
    outer loop
      vertex 2.75 81.8267 7.41766
      vertex 5 79.6634 6.83666
      vertex 2.75 81.9213 7.13896
    endloop
  endfacet
  facet normal 0.7028 0.659018 0.267894
    outer loop
      vertex 5 79.6634 6.83666
      vertex 2.75 81.8267 7.41766
      vertex 5 79.6629 6.83789
    endloop
  endfacet
  facet normal 0.704773 -0.589875 0.394136
    outer loop
      vertex 2.75 85.9486 6.875
      vertex 5 87.5622 5.26663
      vertex 5 87.8885 5.75498
    endloop
  endfacet
  facet normal 0.704791 -0.589757 0.39428
    outer loop
      vertex 5 87.5622 5.26663
      vertex 2.75 85.9486 6.875
      vertex 2.75 85.785 6.63029
    endloop
  endfacet
  facet normal 0.704764 0.533455 -0.46769
    outer loop
      vertex 5 80.8251 11.1749
      vertex 2.75 82.215 9.36971
      vertex 2.75 82.409 9.59099
    endloop
  endfacet
  facet normal 0.704784 0.533303 -0.467833
    outer loop
      vertex 2.75 82.215 9.36971
      vertex 5 80.8251 11.1749
      vertex 5 80.4378 10.7334
    endloop
  endfacet
  facet normal 0.704781 -0.394103 0.589887
    outer loop
      vertex 2.75 85.3697 6.21496
      vertex 5 86.245 4.11151
      vertex 5 86.7334 4.43781
    endloop
  endfacet
  facet normal 0.704774 -0.394167 0.589853
    outer loop
      vertex 5 86.245 4.11151
      vertex 2.75 85.3697 6.21496
      vertex 2.75 85.125 6.05144
    endloop
  endfacet
  facet normal 0.704771 0.0463633 -0.707918
    outer loop
      vertex 5 84 12.49
      vertex 5 83.4152 12.4517
      vertex 2.75 84 10.25
    endloop
  endfacet
  facet normal 0.704778 -0.046399 0.707909
    outer loop
      vertex 5 84 3.50995
      vertex 5 84.5848 3.54828
      vertex 2.75 84 5.75
    endloop
  endfacet
  facet normal 0.704772 -0.589894 -0.394108
    outer loop
      vertex 5 87.5622 10.7334
      vertex 2.75 85.9486 9.125
      vertex 5 87.8885 10.245
    endloop
  endfacet
  facet normal 0.704794 -0.589755 -0.394278
    outer loop
      vertex 2.75 85.9486 9.125
      vertex 5 87.5622 10.7334
      vertex 2.75 85.785 9.36971
    endloop
  endfacet
  facet normal 0.704779 -0.13841 0.695794
    outer loop
      vertex 2.75 84.5823 5.82667
      vertex 5 84.5861 3.54837
      vertex 5 85.1621 3.66295
    endloop
  endfacet
  facet normal 0.704777 -0.138435 0.695791
    outer loop
      vertex 5 84.5861 3.54837
      vertex 2.75 84.5823 5.82667
      vertex 2.75 84.2937 5.76925
    endloop
  endfacet
  facet normal 0.704778 -0.228025 0.671783
    outer loop
      vertex 2.75 84.5823 5.82667
      vertex 5 85.1633 3.66337
      vertex 2.75 84.861 5.92127
    endloop
  endfacet
  facet normal 0.704545 -0.234436 0.669818
    outer loop
      vertex 5 85.1633 3.66337
      vertex 2.75 84.5823 5.82667
      vertex 5 85.1621 3.66295
    endloop
  endfacet
  facet normal 0.704771 0.707918 0.0463657
    outer loop
      vertex 5 79.51 8
      vertex 5 79.5483 7.41523
      vertex 2.75 81.75 8
    endloop
  endfacet
  facet normal 0.704758 0.138624 -0.695773
    outer loop
      vertex 5 83.4139 12.4516
      vertex 2.75 83.4177 10.1733
      vertex 2.75 83.7063 10.2308
    endloop
  endfacet
  facet normal 0.704777 0.138434 -0.695791
    outer loop
      vertex 2.75 83.4177 10.1733
      vertex 5 83.4139 12.4516
      vertex 5 82.8379 12.337
    endloop
  endfacet
  facet normal 0.704776 -0.313802 0.636254
    outer loop
      vertex 2.75 85.125 6.05144
      vertex 5 85.7183 3.85174
      vertex 5 86.245 4.11151
    endloop
  endfacet
  facet normal 0.704784 -0.31373 0.636281
    outer loop
      vertex 5 85.7183 3.85174
      vertex 2.75 85.125 6.05144
      vertex 2.75 84.861 5.92127
    endloop
  endfacet
  facet normal 0.70478 0.228008 0.671787
    outer loop
      vertex 5 82.2817 3.85174
      vertex 5 82.8367 3.66337
      vertex 2.75 83.139 5.92127
    endloop
  endfacet
  facet normal 0.704899 -0.224303 -0.672908
    outer loop
      vertex 2.75 84.5823 10.1733
      vertex 5 85.1633 12.3366
      vertex 5 85.1621 12.337
    endloop
  endfacet
  facet normal 0.704778 -0.228025 -0.671783
    outer loop
      vertex 5 85.1633 12.3366
      vertex 2.75 84.5823 10.1733
      vertex 2.75 84.861 10.0787
    endloop
  endfacet
  facet normal 0.704785 0.46772 -0.5334
    outer loop
      vertex 5 81.2666 11.5622
      vertex 2.75 82.409 9.59099
      vertex 2.75 82.6303 9.78504
    endloop
  endfacet
  facet normal 0.704771 0.467842 -0.533313
    outer loop
      vertex 2.75 82.409 9.59099
      vertex 5 81.2666 11.5622
      vertex 5 80.8251 11.1749
    endloop
  endfacet
  facet normal 0.704784 0.46772 0.533401
    outer loop
      vertex 2.75 82.409 6.40901
      vertex 5 81.2666 4.43781
      vertex 2.75 82.6303 6.21496
    endloop
  endfacet
  facet normal 0.704774 0.467805 0.53334
    outer loop
      vertex 5 81.2666 4.43781
      vertex 2.75 82.409 6.40901
      vertex 5 80.8251 4.82506
    endloop
  endfacet
  facet normal 0.70486 -0.0489913 0.707652
    outer loop
      vertex 2.75 84.2937 5.76925
      vertex 5 84.5848 3.54828
      vertex 5 84.5861 3.54837
    endloop
  endfacet
  facet normal 0.704778 -0.0463985 0.707909
    outer loop
      vertex 5 84.5848 3.54828
      vertex 2.75 84.2937 5.76925
      vertex 2.75 84 5.75
    endloop
  endfacet
  facet normal 0.704767 0.636344 0.31364
    outer loop
      vertex 2.75 81.9213 7.13896
      vertex 5 80.1115 5.75498
      vertex 2.75 82.0514 6.875
    endloop
  endfacet
  facet normal 0.704786 0.636242 0.313803
    outer loop
      vertex 5 80.1115 5.75498
      vertex 2.75 81.9213 7.13896
      vertex 5 79.8517 6.28173
    endloop
  endfacet
  facet normal 0.704788 -0.22793 -0.671805
    outer loop
      vertex 5 85.7183 12.1483
      vertex 5 85.1633 12.3366
      vertex 2.75 84.861 10.0787
    endloop
  endfacet
  facet normal 0.704774 0.394167 0.589853
    outer loop
      vertex 2.75 82.6303 6.21496
      vertex 5 81.755 4.11151
      vertex 2.75 82.875 6.05144
    endloop
  endfacet
  facet normal 0.704781 0.394103 0.589887
    outer loop
      vertex 5 81.755 4.11151
      vertex 2.75 82.6303 6.21496
      vertex 5 81.2666 4.43781
    endloop
  endfacet
  facet normal 0.705005 0.0543933 -0.707113
    outer loop
      vertex 2.75 83.7063 10.2308
      vertex 5 83.4152 12.4517
      vertex 5 83.4139 12.4516
    endloop
  endfacet
  facet normal 0.704763 0.0462795 -0.707932
    outer loop
      vertex 5 83.4152 12.4517
      vertex 2.75 83.7063 10.2308
      vertex 2.75 84 10.25
    endloop
  endfacet
  facet normal 0.704785 -0.636241 -0.313808
    outer loop
      vertex 5 87.8885 10.245
      vertex 2.75 86.0787 8.86104
      vertex 5 88.1483 9.71826
    endloop
  endfacet
  facet normal 0.704766 -0.636345 -0.31364
    outer loop
      vertex 2.75 86.0787 8.86104
      vertex 5 87.8885 10.245
      vertex 2.75 85.9486 9.125
    endloop
  endfacet
  facet normal 0.7028 -0.659018 -0.267894
    outer loop
      vertex 5 88.3366 9.16334
      vertex 2.75 86.1733 8.58234
      vertex 5 88.3371 9.16211
    endloop
  endfacet
  facet normal 0.704778 -0.671783 -0.228025
    outer loop
      vertex 2.75 86.1733 8.58234
      vertex 5 88.3366 9.16334
      vertex 2.75 86.0787 8.86104
    endloop
  endfacet
  facet normal 0.704785 0.671798 -0.22796
    outer loop
      vertex 5 79.8517 9.71826
      vertex 5 79.6634 9.16334
      vertex 2.75 81.9213 8.86104
    endloop
  endfacet
  facet normal 0.704778 0.0463985 0.707909
    outer loop
      vertex 2.75 83.7063 5.76925
      vertex 5 83.4152 3.54828
      vertex 2.75 84 5.75
    endloop
  endfacet
  facet normal 0.70486 0.0489913 0.707652
    outer loop
      vertex 5 83.4152 3.54828
      vertex 2.75 83.7063 5.76925
      vertex 5 83.4139 3.54837
    endloop
  endfacet
  facet normal 0.705005 0.707113 -0.0543933
    outer loop
      vertex 5 79.5483 8.58477
      vertex 2.75 81.7692 8.29368
      vertex 5 79.5484 8.58607
    endloop
  endfacet
  facet normal 0.704763 0.707931 -0.0462826
    outer loop
      vertex 2.75 81.7692 8.29368
      vertex 5 79.5483 8.58477
      vertex 2.75 81.75 8
    endloop
  endfacet
  facet normal 0.704782 -0.394103 -0.589886
    outer loop
      vertex 5 86.245 11.8885
      vertex 2.75 85.3697 9.78504
      vertex 5 86.7334 11.5622
    endloop
  endfacet
  facet normal 0.704775 -0.394167 -0.589852
    outer loop
      vertex 2.75 85.3697 9.78504
      vertex 5 86.245 11.8885
      vertex 2.75 85.125 9.94856
    endloop
  endfacet
  facet normal 0.704785 -0.671798 -0.22796
    outer loop
      vertex 5 88.3366 9.16334
      vertex 5 88.1483 9.71826
      vertex 2.75 86.0787 8.86104
    endloop
  endfacet
  facet normal 0.704771 -0.0463633 -0.707918
    outer loop
      vertex 5 84.5848 12.4517
      vertex 5 84 12.49
      vertex 2.75 84 10.25
    endloop
  endfacet
  facet normal 0.704778 0.228025 0.671783
    outer loop
      vertex 5 82.8367 3.66337
      vertex 2.75 83.4177 5.82667
      vertex 2.75 83.139 5.92127
    endloop
  endfacet
  facet normal 0.704545 0.234436 0.669818
    outer loop
      vertex 2.75 83.4177 5.82667
      vertex 5 82.8367 3.66337
      vertex 5 82.8379 3.66295
    endloop
  endfacet
  facet normal 0.704766 0.636345 -0.31364
    outer loop
      vertex 5 80.1115 10.245
      vertex 2.75 81.9213 8.86104
      vertex 2.75 82.0514 9.125
    endloop
  endfacet
  facet normal 0.704785 0.636241 -0.313808
    outer loop
      vertex 2.75 81.9213 8.86104
      vertex 5 80.1115 10.245
      vertex 5 79.8517 9.71826
    endloop
  endfacet
  facet normal 0.704778 0.046399 0.707909
    outer loop
      vertex 5 83.4152 3.54828
      vertex 5 84 3.50995
      vertex 2.75 84 5.75
    endloop
  endfacet
  facet normal 0.704779 -0.31383 -0.636237
    outer loop
      vertex 5 85.7183 12.1483
      vertex 2.75 85.125 9.94856
      vertex 5 86.245 11.8885
    endloop
  endfacet
  facet normal 0.704796 -0.313666 -0.636299
    outer loop
      vertex 2.75 85.125 9.94856
      vertex 5 85.7183 12.1483
      vertex 2.75 84.861 10.0787
    endloop
  endfacet
  facet normal 0.704777 0.138435 0.695791
    outer loop
      vertex 2.75 83.4177 5.82667
      vertex 5 83.4139 3.54837
      vertex 2.75 83.7063 5.76925
    endloop
  endfacet
  facet normal 0.704779 0.13841 0.695794
    outer loop
      vertex 5 83.4139 3.54837
      vertex 2.75 83.4177 5.82667
      vertex 5 82.8379 3.66295
    endloop
  endfacet
  facet normal 0.704763 0.707931 0.0462826
    outer loop
      vertex 5 79.5483 7.41523
      vertex 2.75 81.7692 7.70632
      vertex 2.75 81.75 8
    endloop
  endfacet
  facet normal 0.705005 0.707113 0.0543933
    outer loop
      vertex 2.75 81.7692 7.70632
      vertex 5 79.5483 7.41523
      vertex 5 79.5484 7.41393
    endloop
  endfacet
  facet normal 0.704778 0.671783 -0.228025
    outer loop
      vertex 5 79.6634 9.16334
      vertex 2.75 81.8267 8.58234
      vertex 2.75 81.9213 8.86104
    endloop
  endfacet
  facet normal 0.7028 0.659018 -0.267894
    outer loop
      vertex 2.75 81.8267 8.58234
      vertex 5 79.6634 9.16334
      vertex 5 79.6629 9.16211
    endloop
  endfacet
  facet normal 0.704771 -0.467842 -0.533313
    outer loop
      vertex 5 86.7334 11.5622
      vertex 2.75 85.591 9.59099
      vertex 5 87.1749 11.1749
    endloop
  endfacet
  facet normal 0.704785 -0.46772 -0.5334
    outer loop
      vertex 2.75 85.591 9.59099
      vertex 5 86.7334 11.5622
      vertex 2.75 85.3697 9.78504
    endloop
  endfacet
  facet normal 0.704775 0.394167 -0.589852
    outer loop
      vertex 5 81.755 11.8885
      vertex 2.75 82.6303 9.78504
      vertex 2.75 82.875 9.94856
    endloop
  endfacet
  facet normal 0.704782 0.394103 -0.589886
    outer loop
      vertex 2.75 82.6303 9.78504
      vertex 5 81.755 11.8885
      vertex 5 81.2666 11.5622
    endloop
  endfacet
  facet normal 0.704784 -0.533303 -0.467833
    outer loop
      vertex 5 87.1749 11.1749
      vertex 2.75 85.785 9.36971
      vertex 5 87.5622 10.7334
    endloop
  endfacet
  facet normal 0.704764 -0.533455 -0.46769
    outer loop
      vertex 2.75 85.785 9.36971
      vertex 5 87.1749 11.1749
      vertex 2.75 85.591 9.59099
    endloop
  endfacet
  facet normal 0.704768 -0.695825 -0.13831
    outer loop
      vertex 5 88.3371 9.16211
      vertex 2.75 86.2308 8.29368
      vertex 5 88.4516 8.58607
    endloop
  endfacet
  facet normal 0.704797 -0.69574 -0.138589
    outer loop
      vertex 2.75 86.2308 8.29368
      vertex 5 88.3371 9.16211
      vertex 2.75 86.1733 8.58234
    endloop
  endfacet
  facet normal -0 0 1
    outer loop
      vertex 0 92 16
      vertex 5 76 16
      vertex 5 92 16
    endloop
  endfacet
  facet normal 0 0 1
    outer loop
      vertex 5 76 16
      vertex 0 92 16
      vertex 5 -6 16
    endloop
  endfacet
  facet normal 0 0 1
    outer loop
      vertex 0 -22 16
      vertex 5 -6 16
      vertex 0 92 16
    endloop
  endfacet
  facet normal 0 0 1
    outer loop
      vertex 5 -6 16
      vertex 0 -22 16
      vertex 5 -22 16
    endloop
  endfacet
  facet normal 0 0 1
    outer loop
      vertex 5 76 16
      vertex 79.8282 20 16
      vertex 100 14 16
    endloop
  endfacet
  facet normal 0 0 1
    outer loop
      vertex 6 68.1826 16
      vertex 5 76 16
      vertex 6 20 16
    endloop
  endfacet
  facet normal 0 0 1
    outer loop
      vertex 79.8282 20 16
      vertex 5 76 16
      vertex 6 68.1826 16
    endloop
  endfacet
  facet normal -0 0 1
    outer loop
      vertex 100 14 16
      vertex 152.4 -6 16
      vertex 152.4 14 16
    endloop
  endfacet
  facet normal 0 0 1
    outer loop
      vertex 5 -6 16
      vertex 100 14 16
      vertex 79.8282 20 16
    endloop
  endfacet
  facet normal 0 0 1
    outer loop
      vertex 5 -6 16
      vertex 79.8282 20 16
      vertex 6 20 16
    endloop
  endfacet
  facet normal 0 0 1
    outer loop
      vertex 100 14 16
      vertex 5 -6 16
      vertex 152.4 -6 16
    endloop
  endfacet
  facet normal 0 0 1
    outer loop
      vertex 5 -6 16
      vertex 6 20 16
      vertex 5 76 16
    endloop
  endfacet
  facet normal 0 0 -1
    outer loop
      vertex 0 -22 0
      vertex 5 -6 0
      vertex 5 -22 0
    endloop
  endfacet
  facet normal -0 0 -1
    outer loop
      vertex 5 -6 0
      vertex 0 -22 0
      vertex 5 76 0
    endloop
  endfacet
  facet normal 0 0 -1
    outer loop
      vertex 0 92 0
      vertex 5 76 0
      vertex 0 -22 0
    endloop
  endfacet
  facet normal 0 0 -1
    outer loop
      vertex 5 76 0
      vertex 0 92 0
      vertex 5 92 0
    endloop
  endfacet
  facet normal 0 0 -1
    outer loop
      vertex 100 14 0
      vertex 152.4 -1.42218 0
      vertex 152.4 -6 0
    endloop
  endfacet
  facet normal 0 0 -1
    outer loop
      vertex 152.4 -1.42218 0
      vertex 100 14 0
      vertex 152.4 1.42218 0
    endloop
  endfacet
  facet normal 0 0 -1
    outer loop
      vertex 152.4 1.42218 0
      vertex 100 14 0
      vertex 152.4 14 0
    endloop
  endfacet
  facet normal 0 0 -1
    outer loop
      vertex 5 -6 0
      vertex 100 14 0
      vertex 152.4 -6 0
    endloop
  endfacet
  facet normal -0 0 -1
    outer loop
      vertex 100 14 0
      vertex 5 -6 0
      vertex 79.8282 20 0
    endloop
  endfacet
  facet normal 0 0 -1
    outer loop
      vertex 5 76 0
      vertex 6 20 0
      vertex 5 -6 0
    endloop
  endfacet
  facet normal -0 0 -1
    outer loop
      vertex 79.8282 20 0
      vertex 5 -6 0
      vertex 6 20 0
    endloop
  endfacet
  facet normal 0 0 -1
    outer loop
      vertex 158.16 -1.42218 0
      vertex 161.16 -3.575 0
      vertex 158.16 -3.575 0
    endloop
  endfacet
  facet normal 0 0 -1
    outer loop
      vertex 161.16 -3.575 0
      vertex 158.16 -1.42218 0
      vertex 161.16 1.42218 0
    endloop
  endfacet
  facet normal 0 0 -1
    outer loop
      vertex 152.4 1.42218 0
      vertex 158.16 -1.42218 0
      vertex 152.4 -1.42218 0
    endloop
  endfacet
  facet normal 0 0 -1
    outer loop
      vertex 158.16 -1.42218 0
      vertex 152.4 1.42218 0
      vertex 161.16 1.42218 0
    endloop
  endfacet
  facet normal 0 0 -1
    outer loop
      vertex 5 76 0
      vertex 79.8282 20 0
      vertex 6 68.1826 0
    endloop
  endfacet
  facet normal 0 0 -1
    outer loop
      vertex 79.8282 20 0
      vertex 5 76 0
      vertex 100 14 0
    endloop
  endfacet
  facet normal 0 0 -1
    outer loop
      vertex 6 20 0
      vertex 5 76 0
      vertex 6 68.1826 0
    endloop
  endfacet
  facet normal 0 -1 0
    outer loop
      vertex 5 -6 0
      vertex 152.4 -6 16
      vertex 5 -6 16
    endloop
  endfacet
  facet normal 0 -1 -0
    outer loop
      vertex 152.4 -6 16
      vertex 5 -6 0
      vertex 152.4 -6 0
    endloop
  endfacet
  facet normal 1 0 0
    outer loop
      vertex 5 -6 16
      vertex 5 -9.50996 8
      vertex 5 -6 0
    endloop
  endfacet
  facet normal 1 0 0
    outer loop
      vertex 5 -6 16
      vertex 5 -9.54828 8.58477
      vertex 5 -9.50996 8
    endloop
  endfacet
  facet normal 1 0 0
    outer loop
      vertex 5 -6 16
      vertex 5 -9.54837 8.58607
      vertex 5 -9.54828 8.58477
    endloop
  endfacet
  facet normal 1 0 0
    outer loop
      vertex 5 -6 16
      vertex 5 -9.66295 9.16211
      vertex 5 -9.54837 8.58607
    endloop
  endfacet
  facet normal 1 0 0
    outer loop
      vertex 5 -6 16
      vertex 5 -9.66337 9.16334
      vertex 5 -9.66295 9.16211
    endloop
  endfacet
  facet normal 1 0 0
    outer loop
      vertex 5 -6 16
      vertex 5 -9.85174 9.71826
      vertex 5 -9.66337 9.16334
    endloop
  endfacet
  facet normal 1 0 0
    outer loop
      vertex 5 -6 16
      vertex 5 -10.1115 10.245
      vertex 5 -9.85174 9.71826
    endloop
  endfacet
  facet normal 1 0 0
    outer loop
      vertex 5 -6 16
      vertex 5 -10.4378 10.7334
      vertex 5 -10.1115 10.245
    endloop
  endfacet
  facet normal 1 0 0
    outer loop
      vertex 5 -6 16
      vertex 5 -10.8251 11.1749
      vertex 5 -10.4378 10.7334
    endloop
  endfacet
  facet normal 1 0 0
    outer loop
      vertex 5 -6 16
      vertex 5 -11.2666 11.5622
      vertex 5 -10.8251 11.1749
    endloop
  endfacet
  facet normal 1 0 0
    outer loop
      vertex 5 -6 16
      vertex 5 -11.755 11.8885
      vertex 5 -11.2666 11.5622
    endloop
  endfacet
  facet normal 1 0 0
    outer loop
      vertex 5 -6 16
      vertex 5 -12.2817 12.1483
      vertex 5 -11.755 11.8885
    endloop
  endfacet
  facet normal 1 0 0
    outer loop
      vertex 5 -6 16
      vertex 5 -12.8367 12.3366
      vertex 5 -12.2817 12.1483
    endloop
  endfacet
  facet normal 1 0 0
    outer loop
      vertex 5 -6 16
      vertex 5 -12.8379 12.337
      vertex 5 -12.8367 12.3366
    endloop
  endfacet
  facet normal 1 0 0
    outer loop
      vertex 5 -6 16
      vertex 5 -13.4139 12.4516
      vertex 5 -12.8379 12.337
    endloop
  endfacet
  facet normal 1 0 0
    outer loop
      vertex 5 -6 16
      vertex 5 -13.4152 12.4517
      vertex 5 -13.4139 12.4516
    endloop
  endfacet
  facet normal 1 0 0
    outer loop
      vertex 5 -6 16
      vertex 5 -14 12.49
      vertex 5 -13.4152 12.4517
    endloop
  endfacet
  facet normal 1 -0 0
    outer loop
      vertex 5 -22 16
      vertex 5 -14 12.49
      vertex 5 -6 16
    endloop
  endfacet
  facet normal 1 0 0
    outer loop
      vertex 5 -14 12.49
      vertex 5 -22 16
      vertex 5 -14.5848 12.4517
    endloop
  endfacet
  facet normal 1 0 0
    outer loop
      vertex 5 -14.5848 12.4517
      vertex 5 -22 16
      vertex 5 -14.5861 12.4516
    endloop
  endfacet
  facet normal 1 0 0
    outer loop
      vertex 5 -14.5861 12.4516
      vertex 5 -22 16
      vertex 5 -15.1621 12.337
    endloop
  endfacet
  facet normal 1 0 0
    outer loop
      vertex 5 -15.1621 12.337
      vertex 5 -22 16
      vertex 5 -15.1633 12.3366
    endloop
  endfacet
  facet normal 1 0 0
    outer loop
      vertex 5 -18.4517 8.58477
      vertex 5 -22 16
      vertex 5 -18.49 8
    endloop
  endfacet
  facet normal 1 0 0
    outer loop
      vertex 5 -18.4516 8.58607
      vertex 5 -22 16
      vertex 5 -18.4517 8.58477
    endloop
  endfacet
  facet normal 1 0 0
    outer loop
      vertex 5 -18.337 9.16211
      vertex 5 -22 16
      vertex 5 -18.4516 8.58607
    endloop
  endfacet
  facet normal 1 0 0
    outer loop
      vertex 5 -18.3366 9.16334
      vertex 5 -22 16
      vertex 5 -18.337 9.16211
    endloop
  endfacet
  facet normal 1 0 0
    outer loop
      vertex 5 -18.1483 9.71826
      vertex 5 -22 16
      vertex 5 -18.3366 9.16334
    endloop
  endfacet
  facet normal 1 0 0
    outer loop
      vertex 5 -17.8885 10.245
      vertex 5 -22 16
      vertex 5 -18.1483 9.71826
    endloop
  endfacet
  facet normal 1 0 0
    outer loop
      vertex 5 -17.5622 10.7334
      vertex 5 -22 16
      vertex 5 -17.8885 10.245
    endloop
  endfacet
  facet normal 1 0 0
    outer loop
      vertex 5 -17.1749 11.1749
      vertex 5 -22 16
      vertex 5 -17.5622 10.7334
    endloop
  endfacet
  facet normal 1 0 0
    outer loop
      vertex 5 -16.7334 11.5622
      vertex 5 -22 16
      vertex 5 -17.1749 11.1749
    endloop
  endfacet
  facet normal 1 0 0
    outer loop
      vertex 5 -16.245 11.8885
      vertex 5 -22 16
      vertex 5 -16.7334 11.5622
    endloop
  endfacet
  facet normal 1 0 0
    outer loop
      vertex 5 -15.7183 12.1483
      vertex 5 -22 16
      vertex 5 -16.245 11.8885
    endloop
  endfacet
  facet normal 1 0 0
    outer loop
      vertex 5 -15.1633 12.3366
      vertex 5 -22 16
      vertex 5 -15.7183 12.1483
    endloop
  endfacet
  facet normal 1 -0 0
    outer loop
      vertex 5 -9.54828 7.41523
      vertex 5 -6 0
      vertex 5 -9.50996 8
    endloop
  endfacet
  facet normal 1 -0 0
    outer loop
      vertex 5 -9.54837 7.41393
      vertex 5 -6 0
      vertex 5 -9.54828 7.41523
    endloop
  endfacet
  facet normal 1 -0 0
    outer loop
      vertex 5 -9.66295 6.83789
      vertex 5 -6 0
      vertex 5 -9.54837 7.41393
    endloop
  endfacet
  facet normal 1 -0 0
    outer loop
      vertex 5 -9.66337 6.83666
      vertex 5 -6 0
      vertex 5 -9.66295 6.83789
    endloop
  endfacet
  facet normal 1 -0 0
    outer loop
      vertex 5 -9.85174 6.28173
      vertex 5 -6 0
      vertex 5 -9.66337 6.83666
    endloop
  endfacet
  facet normal 1 -0 0
    outer loop
      vertex 5 -10.1115 5.75498
      vertex 5 -6 0
      vertex 5 -9.85174 6.28173
    endloop
  endfacet
  facet normal 1 -0 0
    outer loop
      vertex 5 -10.4378 5.26663
      vertex 5 -6 0
      vertex 5 -10.1115 5.75498
    endloop
  endfacet
  facet normal 1 -0 0
    outer loop
      vertex 5 -10.8251 4.82506
      vertex 5 -6 0
      vertex 5 -10.4378 5.26663
    endloop
  endfacet
  facet normal 1 -0 0
    outer loop
      vertex 5 -11.2666 4.43781
      vertex 5 -6 0
      vertex 5 -10.8251 4.82506
    endloop
  endfacet
  facet normal 1 -0 0
    outer loop
      vertex 5 -11.755 4.11151
      vertex 5 -6 0
      vertex 5 -11.2666 4.43781
    endloop
  endfacet
  facet normal 1 -0 0
    outer loop
      vertex 5 -12.2817 3.85174
      vertex 5 -6 0
      vertex 5 -11.755 4.11151
    endloop
  endfacet
  facet normal 1 -0 0
    outer loop
      vertex 5 -12.8367 3.66337
      vertex 5 -6 0
      vertex 5 -12.2817 3.85174
    endloop
  endfacet
  facet normal 1 -0 0
    outer loop
      vertex 5 -12.8379 3.66295
      vertex 5 -6 0
      vertex 5 -12.8367 3.66337
    endloop
  endfacet
  facet normal 1 -0 0
    outer loop
      vertex 5 -13.4139 3.54837
      vertex 5 -6 0
      vertex 5 -12.8379 3.66295
    endloop
  endfacet
  facet normal 1 -0 0
    outer loop
      vertex 5 -13.4152 3.54828
      vertex 5 -6 0
      vertex 5 -13.4139 3.54837
    endloop
  endfacet
  facet normal 1 -0 0
    outer loop
      vertex 5 -14 3.50995
      vertex 5 -6 0
      vertex 5 -13.4152 3.54828
    endloop
  endfacet
  facet normal 1 0 0
    outer loop
      vertex 5 -22 0
      vertex 5 -14 3.50995
      vertex 5 -14.5848 3.54828
    endloop
  endfacet
  facet normal 1 0 0
    outer loop
      vertex 5 -22 0
      vertex 5 -14.5848 3.54828
      vertex 5 -14.5861 3.54837
    endloop
  endfacet
  facet normal 1 0 0
    outer loop
      vertex 5 -22 0
      vertex 5 -14.5861 3.54837
      vertex 5 -15.1621 3.66295
    endloop
  endfacet
  facet normal 1 0 0
    outer loop
      vertex 5 -22 0
      vertex 5 -15.1621 3.66295
      vertex 5 -15.1633 3.66337
    endloop
  endfacet
  facet normal 1 0 0
    outer loop
      vertex 5 -22 0
      vertex 5 -15.1633 3.66337
      vertex 5 -15.7183 3.85174
    endloop
  endfacet
  facet normal 1 0 0
    outer loop
      vertex 5 -22 0
      vertex 5 -18.49 8
      vertex 5 -22 16
    endloop
  endfacet
  facet normal 1 0 0
    outer loop
      vertex 5 -18.49 8
      vertex 5 -22 0
      vertex 5 -18.4517 7.41523
    endloop
  endfacet
  facet normal 1 0 0
    outer loop
      vertex 5 -18.4517 7.41523
      vertex 5 -22 0
      vertex 5 -18.4516 7.41393
    endloop
  endfacet
  facet normal 1 0 0
    outer loop
      vertex 5 -18.4516 7.41393
      vertex 5 -22 0
      vertex 5 -18.337 6.83789
    endloop
  endfacet
  facet normal 1 0 0
    outer loop
      vertex 5 -18.337 6.83789
      vertex 5 -22 0
      vertex 5 -18.3366 6.83666
    endloop
  endfacet
  facet normal 1 0 0
    outer loop
      vertex 5 -14 3.50995
      vertex 5 -22 0
      vertex 5 -6 0
    endloop
  endfacet
  facet normal 1 0 0
    outer loop
      vertex 5 -16.245 4.11151
      vertex 5 -22 0
      vertex 5 -15.7183 3.85174
    endloop
  endfacet
  facet normal 1 0 0
    outer loop
      vertex 5 -16.7334 4.43781
      vertex 5 -22 0
      vertex 5 -16.245 4.11151
    endloop
  endfacet
  facet normal 1 0 0
    outer loop
      vertex 5 -17.1749 4.82506
      vertex 5 -22 0
      vertex 5 -16.7334 4.43781
    endloop
  endfacet
  facet normal 1 0 0
    outer loop
      vertex 5 -17.5622 5.26663
      vertex 5 -22 0
      vertex 5 -17.1749 4.82506
    endloop
  endfacet
  facet normal 1 0 0
    outer loop
      vertex 5 -17.8885 5.75498
      vertex 5 -22 0
      vertex 5 -17.5622 5.26663
    endloop
  endfacet
  facet normal 1 0 0
    outer loop
      vertex 5 -18.1483 6.28173
      vertex 5 -22 0
      vertex 5 -17.8885 5.75498
    endloop
  endfacet
  facet normal 1 0 0
    outer loop
      vertex 5 -18.3366 6.83666
      vertex 5 -22 0
      vertex 5 -18.1483 6.28173
    endloop
  endfacet
  facet normal 0 -1 0
    outer loop
      vertex 0 -22 0
      vertex 5 -22 16
      vertex 0 -22 16
    endloop
  endfacet
  facet normal 0 -1 -0
    outer loop
      vertex 5 -22 16
      vertex 0 -22 0
      vertex 5 -22 0
    endloop
  endfacet
  facet normal -1 0 0
    outer loop
      vertex 0 92 0
      vertex 0 86.25 8
      vertex 0 92 16
    endloop
  endfacet
  facet normal -1 0 0
    outer loop
      vertex 0 92 0
      vertex 0 86.2308 7.70632
      vertex 0 86.25 8
    endloop
  endfacet
  facet normal -1 0 0
    outer loop
      vertex 0 92 0
      vertex 0 86.1733 7.41766
      vertex 0 86.2308 7.70632
    endloop
  endfacet
  facet normal -1 0 0
    outer loop
      vertex 0 92 0
      vertex 0 86.0787 7.13896
      vertex 0 86.1733 7.41766
    endloop
  endfacet
  facet normal -1 0 0
    outer loop
      vertex 0 92 0
      vertex 0 85.9486 6.875
      vertex 0 86.0787 7.13896
    endloop
  endfacet
  facet normal -1 0 0
    outer loop
      vertex 0 92 0
      vertex 0 85.785 6.63029
      vertex 0 85.9486 6.875
    endloop
  endfacet
  facet normal -1 0 0
    outer loop
      vertex 0 92 0
      vertex 0 85.591 6.40901
      vertex 0 85.785 6.63029
    endloop
  endfacet
  facet normal -1 0 0
    outer loop
      vertex 0 92 0
      vertex 0 85.3697 6.21496
      vertex 0 85.591 6.40901
    endloop
  endfacet
  facet normal -1 0 0
    outer loop
      vertex 0 92 0
      vertex 0 85.125 6.05144
      vertex 0 85.3697 6.21496
    endloop
  endfacet
  facet normal -1 0 0
    outer loop
      vertex 0 92 0
      vertex 0 84.861 5.92127
      vertex 0 85.125 6.05144
    endloop
  endfacet
  facet normal -1 0 0
    outer loop
      vertex 0 92 0
      vertex 0 84.5823 5.82667
      vertex 0 84.861 5.92127
    endloop
  endfacet
  facet normal -1 0 0
    outer loop
      vertex 0 92 0
      vertex 0 84.2937 5.76925
      vertex 0 84.5823 5.82667
    endloop
  endfacet
  facet normal -1 0 0
    outer loop
      vertex 0 92 0
      vertex 0 84 5.75
      vertex 0 84.2937 5.76925
    endloop
  endfacet
  facet normal -1 0 0
    outer loop
      vertex 0 92 0
      vertex 0 83.7063 5.76925
      vertex 0 84 5.75
    endloop
  endfacet
  facet normal -1 0 0
    outer loop
      vertex 0 92 0
      vertex 0 83.4177 5.82667
      vertex 0 83.7063 5.76925
    endloop
  endfacet
  facet normal -1 0 0
    outer loop
      vertex 0 92 0
      vertex 0 83.139 5.92127
      vertex 0 83.4177 5.82667
    endloop
  endfacet
  facet normal -1 0 0
    outer loop
      vertex 0 92 0
      vertex 0 82.875 6.05144
      vertex 0 83.139 5.92127
    endloop
  endfacet
  facet normal -1 0 0
    outer loop
      vertex 0 81.7692 7.70632
      vertex 0 -11.75 8
      vertex 0 81.75 8
    endloop
  endfacet
  facet normal -1 0 0
    outer loop
      vertex 0 -11.7692 7.70632
      vertex 0 81.7692 7.70632
      vertex 0 81.8267 7.41766
    endloop
  endfacet
  facet normal -1 0 0
    outer loop
      vertex 0 -11.8267 7.41766
      vertex 0 81.8267 7.41766
      vertex 0 81.9213 7.13896
    endloop
  endfacet
  facet normal -1 0 0
    outer loop
      vertex 0 -11.9213 7.13896
      vertex 0 81.9213 7.13896
      vertex 0 82.0514 6.875
    endloop
  endfacet
  facet normal -1 0 0
    outer loop
      vertex 0 -12.0514 6.875
      vertex 0 82.0514 6.875
      vertex 0 82.215 6.63029
    endloop
  endfacet
  facet normal -1 0 0
    outer loop
      vertex 0 -12.215 6.63029
      vertex 0 82.215 6.63029
      vertex 0 82.409 6.40901
    endloop
  endfacet
  facet normal -1 0 0
    outer loop
      vertex 0 -12.409 6.40901
      vertex 0 82.409 6.40901
      vertex 0 82.6303 6.21496
    endloop
  endfacet
  facet normal -1 0 0
    outer loop
      vertex 0 -12.6303 6.21496
      vertex 0 82.6303 6.21496
      vertex 0 82.875 6.05144
    endloop
  endfacet
  facet normal -1 0 0
    outer loop
      vertex 0 -12.875 6.05144
      vertex 0 82.875 6.05144
      vertex 0 92 0
    endloop
  endfacet
  facet normal -1 0 0
    outer loop
      vertex 0 81.7692 7.70632
      vertex 0 -11.7692 7.70632
      vertex 0 -11.75 8
    endloop
  endfacet
  facet normal -1 0 0
    outer loop
      vertex 0 81.8267 7.41766
      vertex 0 -11.8267 7.41766
      vertex 0 -11.7692 7.70632
    endloop
  endfacet
  facet normal -1 0 0
    outer loop
      vertex 0 81.9213 7.13896
      vertex 0 -11.9213 7.13896
      vertex 0 -11.8267 7.41766
    endloop
  endfacet
  facet normal -1 0 0
    outer loop
      vertex 0 82.0514 6.875
      vertex 0 -12.0514 6.875
      vertex 0 -11.9213 7.13896
    endloop
  endfacet
  facet normal -1 0 0
    outer loop
      vertex 0 82.215 6.63029
      vertex 0 -12.215 6.63029
      vertex 0 -12.0514 6.875
    endloop
  endfacet
  facet normal -1 0 0
    outer loop
      vertex 0 82.409 6.40901
      vertex 0 -12.409 6.40901
      vertex 0 -12.215 6.63029
    endloop
  endfacet
  facet normal -1 0 0
    outer loop
      vertex 0 82.6303 6.21496
      vertex 0 -12.6303 6.21496
      vertex 0 -12.409 6.40901
    endloop
  endfacet
  facet normal -1 0 0
    outer loop
      vertex 0 82.875 6.05144
      vertex 0 -12.875 6.05144
      vertex 0 -12.6303 6.21496
    endloop
  endfacet
  facet normal -1 0 0
    outer loop
      vertex 0 -22 0
      vertex 0 -12.875 6.05144
      vertex 0 92 0
    endloop
  endfacet
  facet normal -1 0 0
    outer loop
      vertex 0 -12.875 6.05144
      vertex 0 -22 0
      vertex 0 -13.139 5.92127
    endloop
  endfacet
  facet normal -1 0 0
    outer loop
      vertex 0 -13.139 5.92127
      vertex 0 -22 0
      vertex 0 -13.4177 5.82667
    endloop
  endfacet
  facet normal -1 0 0
    outer loop
      vertex 0 -13.4177 5.82667
      vertex 0 -22 0
      vertex 0 -13.7063 5.76925
    endloop
  endfacet
  facet normal -1 -0 0
    outer loop
      vertex 0 -16.2308 7.70632
      vertex 0 -22 0
      vertex 0 -16.25 8
    endloop
  endfacet
  facet normal -1 -0 0
    outer loop
      vertex 0 -16.1733 7.41766
      vertex 0 -22 0
      vertex 0 -16.2308 7.70632
    endloop
  endfacet
  facet normal -1 -0 0
    outer loop
      vertex 0 -16.0787 7.13896
      vertex 0 -22 0
      vertex 0 -16.1733 7.41766
    endloop
  endfacet
  facet normal -1 -0 0
    outer loop
      vertex 0 -15.9486 6.875
      vertex 0 -22 0
      vertex 0 -16.0787 7.13896
    endloop
  endfacet
  facet normal -1 -0 0
    outer loop
      vertex 0 -15.785 6.63029
      vertex 0 -22 0
      vertex 0 -15.9486 6.875
    endloop
  endfacet
  facet normal -1 -0 0
    outer loop
      vertex 0 -15.591 6.40901
      vertex 0 -22 0
      vertex 0 -15.785 6.63029
    endloop
  endfacet
  facet normal -1 -0 0
    outer loop
      vertex 0 -15.3697 6.21496
      vertex 0 -22 0
      vertex 0 -15.591 6.40901
    endloop
  endfacet
  facet normal -1 -0 0
    outer loop
      vertex 0 -15.125 6.05144
      vertex 0 -22 0
      vertex 0 -15.3697 6.21496
    endloop
  endfacet
  facet normal -1 -0 0
    outer loop
      vertex 0 -14.861 5.92127
      vertex 0 -22 0
      vertex 0 -15.125 6.05144
    endloop
  endfacet
  facet normal -1 -0 0
    outer loop
      vertex 0 -14.5823 5.82667
      vertex 0 -22 0
      vertex 0 -14.861 5.92127
    endloop
  endfacet
  facet normal -1 -0 0
    outer loop
      vertex 0 -14.2937 5.76925
      vertex 0 -22 0
      vertex 0 -14.5823 5.82667
    endloop
  endfacet
  facet normal -1 -0 0
    outer loop
      vertex 0 -14 5.75
      vertex 0 -22 0
      vertex 0 -14.2937 5.76925
    endloop
  endfacet
  facet normal -1 0 0
    outer loop
      vertex 0 -13.7063 5.76925
      vertex 0 -22 0
      vertex 0 -14 5.75
    endloop
  endfacet
  facet normal -1 0 0
    outer loop
      vertex 0 86.2308 8.29368
      vertex 0 92 16
      vertex 0 86.25 8
    endloop
  endfacet
  facet normal -1 0 0
    outer loop
      vertex 0 86.1733 8.58234
      vertex 0 92 16
      vertex 0 86.2308 8.29368
    endloop
  endfacet
  facet normal -1 0 0
    outer loop
      vertex 0 86.0787 8.86104
      vertex 0 92 16
      vertex 0 86.1733 8.58234
    endloop
  endfacet
  facet normal -1 0 0
    outer loop
      vertex 0 85.9486 9.125
      vertex 0 92 16
      vertex 0 86.0787 8.86104
    endloop
  endfacet
  facet normal -1 0 0
    outer loop
      vertex 0 85.785 9.36971
      vertex 0 92 16
      vertex 0 85.9486 9.125
    endloop
  endfacet
  facet normal -1 0 0
    outer loop
      vertex 0 85.591 9.59099
      vertex 0 92 16
      vertex 0 85.785 9.36971
    endloop
  endfacet
  facet normal -1 0 0
    outer loop
      vertex 0 85.3697 9.78504
      vertex 0 92 16
      vertex 0 85.591 9.59099
    endloop
  endfacet
  facet normal -1 0 0
    outer loop
      vertex 0 85.125 9.94856
      vertex 0 92 16
      vertex 0 85.3697 9.78504
    endloop
  endfacet
  facet normal -1 0 0
    outer loop
      vertex 0 84.861 10.0787
      vertex 0 92 16
      vertex 0 85.125 9.94856
    endloop
  endfacet
  facet normal -1 0 0
    outer loop
      vertex 0 84.5823 10.1733
      vertex 0 92 16
      vertex 0 84.861 10.0787
    endloop
  endfacet
  facet normal -1 0 0
    outer loop
      vertex 0 84.2937 10.2308
      vertex 0 92 16
      vertex 0 84.5823 10.1733
    endloop
  endfacet
  facet normal -1 0 0
    outer loop
      vertex 0 84 10.25
      vertex 0 92 16
      vertex 0 84.2937 10.2308
    endloop
  endfacet
  facet normal -1 0 0
    outer loop
      vertex 0 83.7063 10.2308
      vertex 0 92 16
      vertex 0 84 10.25
    endloop
  endfacet
  facet normal -1 0 0
    outer loop
      vertex 0 83.4177 10.1733
      vertex 0 92 16
      vertex 0 83.7063 10.2308
    endloop
  endfacet
  facet normal -1 0 0
    outer loop
      vertex 0 83.139 10.0787
      vertex 0 92 16
      vertex 0 83.4177 10.1733
    endloop
  endfacet
  facet normal -1 0 0
    outer loop
      vertex 0 82.875 9.94856
      vertex 0 92 16
      vertex 0 83.139 10.0787
    endloop
  endfacet
  facet normal -1 0 0
    outer loop
      vertex 0 -11.75 8
      vertex 0 81.7692 8.29368
      vertex 0 81.75 8
    endloop
  endfacet
  facet normal -1 0 0
    outer loop
      vertex 0 -11.7692 8.29368
      vertex 0 81.7692 8.29368
      vertex 0 -11.75 8
    endloop
  endfacet
  facet normal -1 0 0
    outer loop
      vertex 0 81.7692 8.29368
      vertex 0 -11.7692 8.29368
      vertex 0 81.8267 8.58234
    endloop
  endfacet
  facet normal -1 0 0
    outer loop
      vertex 0 -11.8267 8.58234
      vertex 0 81.8267 8.58234
      vertex 0 -11.7692 8.29368
    endloop
  endfacet
  facet normal -1 0 0
    outer loop
      vertex 0 81.8267 8.58234
      vertex 0 -11.8267 8.58234
      vertex 0 81.9213 8.86104
    endloop
  endfacet
  facet normal -1 0 0
    outer loop
      vertex 0 -11.9213 8.86104
      vertex 0 81.9213 8.86104
      vertex 0 -11.8267 8.58234
    endloop
  endfacet
  facet normal -1 0 0
    outer loop
      vertex 0 81.9213 8.86104
      vertex 0 -11.9213 8.86104
      vertex 0 82.0514 9.125
    endloop
  endfacet
  facet normal -1 0 0
    outer loop
      vertex 0 -12.0514 9.125
      vertex 0 82.0514 9.125
      vertex 0 -11.9213 8.86104
    endloop
  endfacet
  facet normal -1 0 0
    outer loop
      vertex 0 82.0514 9.125
      vertex 0 -12.0514 9.125
      vertex 0 82.215 9.36971
    endloop
  endfacet
  facet normal -1 0 0
    outer loop
      vertex 0 -12.215 9.36971
      vertex 0 82.215 9.36971
      vertex 0 -12.0514 9.125
    endloop
  endfacet
  facet normal -1 0 0
    outer loop
      vertex 0 82.215 9.36971
      vertex 0 -12.215 9.36971
      vertex 0 82.409 9.59099
    endloop
  endfacet
  facet normal -1 0 0
    outer loop
      vertex 0 -12.409 9.59099
      vertex 0 82.409 9.59099
      vertex 0 -12.215 9.36971
    endloop
  endfacet
  facet normal -1 0 0
    outer loop
      vertex 0 82.409 9.59099
      vertex 0 -12.409 9.59099
      vertex 0 82.6303 9.78504
    endloop
  endfacet
  facet normal -1 0 0
    outer loop
      vertex 0 -12.6303 9.78504
      vertex 0 82.6303 9.78504
      vertex 0 -12.409 9.59099
    endloop
  endfacet
  facet normal -1 0 0
    outer loop
      vertex 0 82.6303 9.78504
      vertex 0 -12.6303 9.78504
      vertex 0 82.875 9.94856
    endloop
  endfacet
  facet normal -1 0 0
    outer loop
      vertex 0 -12.875 9.94856
      vertex 0 82.875 9.94856
      vertex 0 -12.6303 9.78504
    endloop
  endfacet
  facet normal -1 0 0
    outer loop
      vertex 0 82.875 9.94856
      vertex 0 -12.875 9.94856
      vertex 0 92 16
    endloop
  endfacet
  facet normal -1 0 0
    outer loop
      vertex 0 -22 16
      vertex 0 -12.875 9.94856
      vertex 0 -13.139 10.0787
    endloop
  endfacet
  facet normal -1 0 0
    outer loop
      vertex 0 -22 16
      vertex 0 -13.139 10.0787
      vertex 0 -13.4177 10.1733
    endloop
  endfacet
  facet normal -1 0 0
    outer loop
      vertex 0 -22 16
      vertex 0 -13.4177 10.1733
      vertex 0 -13.7063 10.2308
    endloop
  endfacet
  facet normal -1 0 0
    outer loop
      vertex 0 -22 16
      vertex 0 -13.7063 10.2308
      vertex 0 -14 10.25
    endloop
  endfacet
  facet normal -1 0 0
    outer loop
      vertex 0 -22 16
      vertex 0 -16.25 8
      vertex 0 -22 0
    endloop
  endfacet
  facet normal -1 0 0
    outer loop
      vertex 0 -16.25 8
      vertex 0 -22 16
      vertex 0 -16.2308 8.29368
    endloop
  endfacet
  facet normal -1 0 0
    outer loop
      vertex 0 -16.2308 8.29368
      vertex 0 -22 16
      vertex 0 -16.1733 8.58234
    endloop
  endfacet
  facet normal -1 0 0
    outer loop
      vertex 0 -16.1733 8.58234
      vertex 0 -22 16
      vertex 0 -16.0787 8.86104
    endloop
  endfacet
  facet normal -1 0 0
    outer loop
      vertex 0 -12.875 9.94856
      vertex 0 -22 16
      vertex 0 92 16
    endloop
  endfacet
  facet normal -1 0 0
    outer loop
      vertex 0 -14.2937 10.2308
      vertex 0 -22 16
      vertex 0 -14 10.25
    endloop
  endfacet
  facet normal -1 0 0
    outer loop
      vertex 0 -14.5823 10.1733
      vertex 0 -22 16
      vertex 0 -14.2937 10.2308
    endloop
  endfacet
  facet normal -1 0 0
    outer loop
      vertex 0 -14.861 10.0787
      vertex 0 -22 16
      vertex 0 -14.5823 10.1733
    endloop
  endfacet
  facet normal -1 0 0
    outer loop
      vertex 0 -15.125 9.94856
      vertex 0 -22 16
      vertex 0 -14.861 10.0787
    endloop
  endfacet
  facet normal -1 0 0
    outer loop
      vertex 0 -15.3697 9.78504
      vertex 0 -22 16
      vertex 0 -15.125 9.94856
    endloop
  endfacet
  facet normal -1 0 0
    outer loop
      vertex 0 -15.591 9.59099
      vertex 0 -22 16
      vertex 0 -15.3697 9.78504
    endloop
  endfacet
  facet normal -1 0 0
    outer loop
      vertex 0 -15.785 9.36971
      vertex 0 -22 16
      vertex 0 -15.591 9.59099
    endloop
  endfacet
  facet normal -1 0 0
    outer loop
      vertex 0 -15.9486 9.125
      vertex 0 -22 16
      vertex 0 -15.785 9.36971
    endloop
  endfacet
  facet normal -1 0 0
    outer loop
      vertex 0 -16.0787 8.86104
      vertex 0 -22 16
      vertex 0 -15.9486 9.125
    endloop
  endfacet
  facet normal 0 1 -0
    outer loop
      vertex 5 92 0
      vertex 0 92 16
      vertex 5 92 16
    endloop
  endfacet
  facet normal 0 1 0
    outer loop
      vertex 0 92 16
      vertex 5 92 0
      vertex 0 92 0
    endloop
  endfacet
  facet normal 1 0 0
    outer loop
      vertex 5 92 16
      vertex 5 88.49 8
      vertex 5 92 0
    endloop
  endfacet
  facet normal 1 0 0
    outer loop
      vertex 5 92 16
      vertex 5 88.4517 8.58477
      vertex 5 88.49 8
    endloop
  endfacet
  facet normal 1 0 0
    outer loop
      vertex 5 92 16
      vertex 5 88.4516 8.58607
      vertex 5 88.4517 8.58477
    endloop
  endfacet
  facet normal 1 0 0
    outer loop
      vertex 5 92 16
      vertex 5 88.3371 9.16211
      vertex 5 88.4516 8.58607
    endloop
  endfacet
  facet normal 1 0 0
    outer loop
      vertex 5 92 16
      vertex 5 88.3366 9.16334
      vertex 5 88.3371 9.16211
    endloop
  endfacet
  facet normal 1 0 0
    outer loop
      vertex 5 92 16
      vertex 5 88.1483 9.71826
      vertex 5 88.3366 9.16334
    endloop
  endfacet
  facet normal 1 0 0
    outer loop
      vertex 5 92 16
      vertex 5 87.8885 10.245
      vertex 5 88.1483 9.71826
    endloop
  endfacet
  facet normal 1 0 0
    outer loop
      vertex 5 92 16
      vertex 5 87.5622 10.7334
      vertex 5 87.8885 10.245
    endloop
  endfacet
  facet normal 1 0 0
    outer loop
      vertex 5 92 16
      vertex 5 87.1749 11.1749
      vertex 5 87.5622 10.7334
    endloop
  endfacet
  facet normal 1 0 0
    outer loop
      vertex 5 92 16
      vertex 5 86.7334 11.5622
      vertex 5 87.1749 11.1749
    endloop
  endfacet
  facet normal 1 0 0
    outer loop
      vertex 5 92 16
      vertex 5 86.245 11.8885
      vertex 5 86.7334 11.5622
    endloop
  endfacet
  facet normal 1 0 0
    outer loop
      vertex 5 92 16
      vertex 5 85.7183 12.1483
      vertex 5 86.245 11.8885
    endloop
  endfacet
  facet normal 1 0 0
    outer loop
      vertex 5 92 16
      vertex 5 85.1633 12.3366
      vertex 5 85.7183 12.1483
    endloop
  endfacet
  facet normal 1 0 0
    outer loop
      vertex 5 92 16
      vertex 5 85.1621 12.337
      vertex 5 85.1633 12.3366
    endloop
  endfacet
  facet normal 1 0 0
    outer loop
      vertex 5 92 16
      vertex 5 84.5861 12.4516
      vertex 5 85.1621 12.337
    endloop
  endfacet
  facet normal 1 0 0
    outer loop
      vertex 5 92 16
      vertex 5 84.5848 12.4517
      vertex 5 84.5861 12.4516
    endloop
  endfacet
  facet normal 1 0 0
    outer loop
      vertex 5 92 16
      vertex 5 84 12.49
      vertex 5 84.5848 12.4517
    endloop
  endfacet
  facet normal 1 -0 0
    outer loop
      vertex 5 76 16
      vertex 5 84 12.49
      vertex 5 92 16
    endloop
  endfacet
  facet normal 1 0 0
    outer loop
      vertex 5 84 12.49
      vertex 5 76 16
      vertex 5 83.4152 12.4517
    endloop
  endfacet
  facet normal 1 0 0
    outer loop
      vertex 5 83.4152 12.4517
      vertex 5 76 16
      vertex 5 83.4139 12.4516
    endloop
  endfacet
  facet normal 1 0 0
    outer loop
      vertex 5 83.4139 12.4516
      vertex 5 76 16
      vertex 5 82.8379 12.337
    endloop
  endfacet
  facet normal 1 0 0
    outer loop
      vertex 5 82.8379 12.337
      vertex 5 76 16
      vertex 5 82.8367 12.3366
    endloop
  endfacet
  facet normal 1 0 0
    outer loop
      vertex 5 76 16
      vertex 5 79.6634 9.16334
      vertex 5 79.8517 9.71826
    endloop
  endfacet
  facet normal 1 0 0
    outer loop
      vertex 5 76 16
      vertex 5 79.5483 8.58477
      vertex 5 79.5484 8.58607
    endloop
  endfacet
  facet normal 1 0 0
    outer loop
      vertex 5 79.5483 8.58477
      vertex 5 76 16
      vertex 5 79.51 8
    endloop
  endfacet
  facet normal 1 0 0
    outer loop
      vertex 5 79.6629 9.16211
      vertex 5 76 16
      vertex 5 79.5484 8.58607
    endloop
  endfacet
  facet normal 1 0 0
    outer loop
      vertex 5 79.6634 9.16334
      vertex 5 76 16
      vertex 5 79.6629 9.16211
    endloop
  endfacet
  facet normal 1 0 0
    outer loop
      vertex 5 80.1115 10.245
      vertex 5 76 16
      vertex 5 79.8517 9.71826
    endloop
  endfacet
  facet normal 1 0 0
    outer loop
      vertex 5 80.4378 10.7334
      vertex 5 76 16
      vertex 5 80.1115 10.245
    endloop
  endfacet
  facet normal 1 0 0
    outer loop
      vertex 5 80.8251 11.1749
      vertex 5 76 16
      vertex 5 80.4378 10.7334
    endloop
  endfacet
  facet normal 1 0 0
    outer loop
      vertex 5 81.2666 11.5622
      vertex 5 76 16
      vertex 5 80.8251 11.1749
    endloop
  endfacet
  facet normal 1 0 0
    outer loop
      vertex 5 81.755 11.8885
      vertex 5 76 16
      vertex 5 81.2666 11.5622
    endloop
  endfacet
  facet normal 1 0 0
    outer loop
      vertex 5 82.2817 12.1483
      vertex 5 76 16
      vertex 5 81.755 11.8885
    endloop
  endfacet
  facet normal 1 0 0
    outer loop
      vertex 5 82.8367 12.3366
      vertex 5 76 16
      vertex 5 82.2817 12.1483
    endloop
  endfacet
  facet normal 1 -0 0
    outer loop
      vertex 5 88.4517 7.41523
      vertex 5 92 0
      vertex 5 88.49 8
    endloop
  endfacet
  facet normal 1 -0 0
    outer loop
      vertex 5 88.4516 7.41393
      vertex 5 92 0
      vertex 5 88.4517 7.41523
    endloop
  endfacet
  facet normal 1 -0 0
    outer loop
      vertex 5 88.3371 6.83789
      vertex 5 92 0
      vertex 5 88.4516 7.41393
    endloop
  endfacet
  facet normal 1 -0 0
    outer loop
      vertex 5 88.3366 6.83666
      vertex 5 92 0
      vertex 5 88.3371 6.83789
    endloop
  endfacet
  facet normal 1 -0 0
    outer loop
      vertex 5 88.1483 6.28173
      vertex 5 92 0
      vertex 5 88.3366 6.83666
    endloop
  endfacet
  facet normal 1 -0 0
    outer loop
      vertex 5 87.8885 5.75498
      vertex 5 92 0
      vertex 5 88.1483 6.28173
    endloop
  endfacet
  facet normal 1 -0 0
    outer loop
      vertex 5 87.5622 5.26663
      vertex 5 92 0
      vertex 5 87.8885 5.75498
    endloop
  endfacet
  facet normal 1 -0 0
    outer loop
      vertex 5 87.1749 4.82506
      vertex 5 92 0
      vertex 5 87.5622 5.26663
    endloop
  endfacet
  facet normal 1 -0 0
    outer loop
      vertex 5 86.7334 4.43781
      vertex 5 92 0
      vertex 5 87.1749 4.82506
    endloop
  endfacet
  facet normal 1 -0 0
    outer loop
      vertex 5 86.245 4.11151
      vertex 5 92 0
      vertex 5 86.7334 4.43781
    endloop
  endfacet
  facet normal 1 -0 0
    outer loop
      vertex 5 85.7183 3.85174
      vertex 5 92 0
      vertex 5 86.245 4.11151
    endloop
  endfacet
  facet normal 1 -0 0
    outer loop
      vertex 5 85.1633 3.66337
      vertex 5 92 0
      vertex 5 85.7183 3.85174
    endloop
  endfacet
  facet normal 1 -0 0
    outer loop
      vertex 5 85.1621 3.66295
      vertex 5 92 0
      vertex 5 85.1633 3.66337
    endloop
  endfacet
  facet normal 1 -0 0
    outer loop
      vertex 5 84.5861 3.54837
      vertex 5 92 0
      vertex 5 85.1621 3.66295
    endloop
  endfacet
  facet normal 1 -0 0
    outer loop
      vertex 5 84.5848 3.54828
      vertex 5 92 0
      vertex 5 84.5861 3.54837
    endloop
  endfacet
  facet normal 1 -0 0
    outer loop
      vertex 5 84 3.50995
      vertex 5 92 0
      vertex 5 84.5848 3.54828
    endloop
  endfacet
  facet normal 1 0 0
    outer loop
      vertex 5 76 0
      vertex 5 84 3.50995
      vertex 5 83.4152 3.54828
    endloop
  endfacet
  facet normal 1 0 0
    outer loop
      vertex 5 76 0
      vertex 5 83.4152 3.54828
      vertex 5 83.4139 3.54837
    endloop
  endfacet
  facet normal 1 0 0
    outer loop
      vertex 5 76 0
      vertex 5 83.4139 3.54837
      vertex 5 82.8379 3.66295
    endloop
  endfacet
  facet normal 1 0 0
    outer loop
      vertex 5 76 0
      vertex 5 82.8379 3.66295
      vertex 5 82.8367 3.66337
    endloop
  endfacet
  facet normal 1 0 0
    outer loop
      vertex 5 76 0
      vertex 5 82.8367 3.66337
      vertex 5 82.2817 3.85174
    endloop
  endfacet
  facet normal 1 0 0
    outer loop
      vertex 5 76 0
      vertex 5 79.6634 6.83666
      vertex 5 79.6629 6.83789
    endloop
  endfacet
  facet normal 1 0 0
    outer loop
      vertex 5 76 0
      vertex 5 79.5483 7.41523
      vertex 5 79.51 8
    endloop
  endfacet
  facet normal 1 0 0
    outer loop
      vertex 5 76 0
      vertex 5 79.51 8
      vertex 5 76 16
    endloop
  endfacet
  facet normal 1 0 0
    outer loop
      vertex 5 79.5483 7.41523
      vertex 5 76 0
      vertex 5 79.5484 7.41393
    endloop
  endfacet
  facet normal 1 0 0
    outer loop
      vertex 5 79.5484 7.41393
      vertex 5 76 0
      vertex 5 79.6629 6.83789
    endloop
  endfacet
  facet normal 1 0 0
    outer loop
      vertex 5 84 3.50995
      vertex 5 76 0
      vertex 5 92 0
    endloop
  endfacet
  facet normal 1 0 0
    outer loop
      vertex 5 81.755 4.11151
      vertex 5 76 0
      vertex 5 82.2817 3.85174
    endloop
  endfacet
  facet normal 1 0 0
    outer loop
      vertex 5 81.2666 4.43781
      vertex 5 76 0
      vertex 5 81.755 4.11151
    endloop
  endfacet
  facet normal 1 0 0
    outer loop
      vertex 5 80.8251 4.82506
      vertex 5 76 0
      vertex 5 81.2666 4.43781
    endloop
  endfacet
  facet normal 1 0 0
    outer loop
      vertex 5 80.4378 5.26663
      vertex 5 76 0
      vertex 5 80.8251 4.82506
    endloop
  endfacet
  facet normal 1 0 0
    outer loop
      vertex 5 80.1115 5.75498
      vertex 5 76 0
      vertex 5 80.4378 5.26663
    endloop
  endfacet
  facet normal 1 0 0
    outer loop
      vertex 5 79.8517 6.28173
      vertex 5 76 0
      vertex 5 80.1115 5.75498
    endloop
  endfacet
  facet normal 1 0 0
    outer loop
      vertex 5 79.6634 6.83666
      vertex 5 76 0
      vertex 5 79.8517 6.28173
    endloop
  endfacet
  facet normal 0.546537 0.837435 -0
    outer loop
      vertex 100 14 0
      vertex 5 76 16
      vertex 100 14 16
    endloop
  endfacet
  facet normal 0.546537 0.837435 0
    outer loop
      vertex 5 76 16
      vertex 100 14 0
      vertex 5 76 0
    endloop
  endfacet
  facet normal 0 1 -0
    outer loop
      vertex 152.4 14 0
      vertex 100 14 16
      vertex 152.4 14 16
    endloop
  endfacet
  facet normal 0 1 0
    outer loop
      vertex 100 14 16
      vertex 152.4 14 0
      vertex 100 14 0
    endloop
  endfacet
  facet normal 1 -0 0
    outer loop
      vertex 152.4 2.05681 3.0875
      vertex 152.4 14 0
      vertex 152.4 14 16
    endloop
  endfacet
  facet normal 1 0 0
    outer loop
      vertex 152.4 14 0
      vertex 152.4 2.35468 2.21
      vertex 152.4 2.375 1.9
    endloop
  endfacet
  facet normal 1 0 0
    outer loop
      vertex 152.4 14 0
      vertex 152.4 2.29407 2.5147
      vertex 152.4 2.35468 2.21
    endloop
  endfacet
  facet normal 1 0 0
    outer loop
      vertex 152.4 14 0
      vertex 152.4 2.19421 2.80887
      vertex 152.4 2.29407 2.5147
    endloop
  endfacet
  facet normal 1 0 0
    outer loop
      vertex 152.4 14 0
      vertex 152.4 2.05681 3.0875
      vertex 152.4 2.19421 2.80887
    endloop
  endfacet
  facet normal 1 0 0
    outer loop
      vertex 152.4 14 16
      vertex 152.4 1.88421 3.34581
      vertex 152.4 2.05681 3.0875
    endloop
  endfacet
  facet normal 1 0 0
    outer loop
      vertex 152.4 14 16
      vertex 152.4 1.67938 3.57938
      vertex 152.4 1.88421 3.34581
    endloop
  endfacet
  facet normal 1 0 0
    outer loop
      vertex 152.4 14 16
      vertex 152.4 1.44581 3.78421
      vertex 152.4 1.67938 3.57938
    endloop
  endfacet
  facet normal 1 0 0
    outer loop
      vertex 152.4 14 16
      vertex 152.4 1.42218 3.8
      vertex 152.4 1.44581 3.78421
    endloop
  endfacet
  facet normal 1 -0 0
    outer loop
      vertex 152.4 -6 16
      vertex 152.4 1.42218 3.8
      vertex 152.4 14 16
    endloop
  endfacet
  facet normal 1 0 0
    outer loop
      vertex 152.4 1.42218 3.8
      vertex 152.4 -6 16
      vertex 152.4 -1.42218 3.8
    endloop
  endfacet
  facet normal 1 0 0
    outer loop
      vertex 152.4 -2.29407 2.5147
      vertex 152.4 -6 0
      vertex 152.4 -2.35468 2.21
    endloop
  endfacet
  facet normal 1 0 0
    outer loop
      vertex 152.4 -2.19421 2.80887
      vertex 152.4 -6 0
      vertex 152.4 -2.29407 2.5147
    endloop
  endfacet
  facet normal 1 0 0
    outer loop
      vertex 152.4 -2.05681 3.0875
      vertex 152.4 -6 0
      vertex 152.4 -2.19421 2.80887
    endloop
  endfacet
  facet normal 1 0 0
    outer loop
      vertex 152.4 -6 0
      vertex 152.4 -2.05681 3.0875
      vertex 152.4 -6 16
    endloop
  endfacet
  facet normal 1 0 0
    outer loop
      vertex 152.4 -1.88421 3.34581
      vertex 152.4 -6 16
      vertex 152.4 -2.05681 3.0875
    endloop
  endfacet
  facet normal 1 0 0
    outer loop
      vertex 152.4 -1.67938 3.57938
      vertex 152.4 -6 16
      vertex 152.4 -1.88421 3.34581
    endloop
  endfacet
  facet normal 1 0 0
    outer loop
      vertex 152.4 -1.44581 3.78421
      vertex 152.4 -6 16
      vertex 152.4 -1.67938 3.57938
    endloop
  endfacet
  facet normal 1 0 0
    outer loop
      vertex 152.4 -1.42218 3.8
      vertex 152.4 -6 16
      vertex 152.4 -1.44581 3.78421
    endloop
  endfacet
  facet normal 1 -0 0
    outer loop
      vertex 152.4 2.35468 1.59
      vertex 152.4 14 0
      vertex 152.4 2.375 1.9
    endloop
  endfacet
  facet normal 1 -0 0
    outer loop
      vertex 152.4 2.29407 1.2853
      vertex 152.4 14 0
      vertex 152.4 2.35468 1.59
    endloop
  endfacet
  facet normal 1 -0 0
    outer loop
      vertex 152.4 2.19421 0.991126
      vertex 152.4 14 0
      vertex 152.4 2.29407 1.2853
    endloop
  endfacet
  facet normal 1 -0 0
    outer loop
      vertex 152.4 2.05681 0.7125
      vertex 152.4 14 0
      vertex 152.4 2.19421 0.991126
    endloop
  endfacet
  facet normal 1 -0 0
    outer loop
      vertex 152.4 1.88421 0.454191
      vertex 152.4 14 0
      vertex 152.4 2.05681 0.7125
    endloop
  endfacet
  facet normal 1 -0 0
    outer loop
      vertex 152.4 1.67938 0.220621
      vertex 152.4 14 0
      vertex 152.4 1.88421 0.454191
    endloop
  endfacet
  facet normal 1 -0 0
    outer loop
      vertex 152.4 1.44581 0.0157852
      vertex 152.4 14 0
      vertex 152.4 1.67938 0.220621
    endloop
  endfacet
  facet normal 1 0 0
    outer loop
      vertex 152.4 14 0
      vertex 152.4 1.44581 0.0157852
      vertex 152.4 1.42218 0
    endloop
  endfacet
  facet normal 1 0 0
    outer loop
      vertex 152.4 -2.35468 2.21
      vertex 152.4 -6 0
      vertex 152.4 -2.375 1.9
    endloop
  endfacet
  facet normal 1 0 0
    outer loop
      vertex 152.4 -2.375 1.9
      vertex 152.4 -6 0
      vertex 152.4 -2.35468 1.59
    endloop
  endfacet
  facet normal 1 0 0
    outer loop
      vertex 152.4 -1.44581 0.0157852
      vertex 152.4 -6 0
      vertex 152.4 -1.42218 0
    endloop
  endfacet
  facet normal 1 0 0
    outer loop
      vertex 152.4 -1.67938 0.220621
      vertex 152.4 -6 0
      vertex 152.4 -1.44581 0.0157852
    endloop
  endfacet
  facet normal 1 0 0
    outer loop
      vertex 152.4 -1.88421 0.454191
      vertex 152.4 -6 0
      vertex 152.4 -1.67938 0.220621
    endloop
  endfacet
  facet normal 1 0 0
    outer loop
      vertex 152.4 -2.05681 0.7125
      vertex 152.4 -6 0
      vertex 152.4 -1.88421 0.454191
    endloop
  endfacet
  facet normal 1 0 0
    outer loop
      vertex 152.4 -2.19421 0.991126
      vertex 152.4 -6 0
      vertex 152.4 -2.05681 0.7125
    endloop
  endfacet
  facet normal 1 0 0
    outer loop
      vertex 152.4 -2.29407 1.2853
      vertex 152.4 -6 0
      vertex 152.4 -2.19421 0.991126
    endloop
  endfacet
  facet normal 1 0 0
    outer loop
      vertex 152.4 -2.35468 1.59
      vertex 152.4 -6 0
      vertex 152.4 -2.29407 1.2853
    endloop
  endfacet
  facet normal 0 1 -0
    outer loop
      vertex 79.8282 20 0
      vertex 6 20 16
      vertex 79.8282 20 16
    endloop
  endfacet
  facet normal 0 1 0
    outer loop
      vertex 6 20 16
      vertex 79.8282 20 0
      vertex 6 20 0
    endloop
  endfacet
  facet normal -0.546537 -0.837435 0
    outer loop
      vertex 6 68.1826 0
      vertex 79.8282 20 16
      vertex 6 68.1826 16
    endloop
  endfacet
  facet normal -0.546537 -0.837435 -0
    outer loop
      vertex 79.8282 20 16
      vertex 6 68.1826 0
      vertex 79.8282 20 0
    endloop
  endfacet
  facet normal 1 -0 0
    outer loop
      vertex 6 20 16
      vertex 6 68.1826 0
      vertex 6 68.1826 16
    endloop
  endfacet
  facet normal 1 0 0
    outer loop
      vertex 6 68.1826 0
      vertex 6 20 16
      vertex 6 20 0
    endloop
  endfacet
  facet normal 0 0.946927 0.321447
    outer loop
      vertex 161.16 2.29407 2.5147
      vertex 152.4 2.19421 2.80887
      vertex 161.16 2.19421 2.80887
    endloop
  endfacet
  facet normal 0 0.946927 0.321447
    outer loop
      vertex 152.4 2.19421 2.80887
      vertex 161.16 2.29407 2.5147
      vertex 152.4 2.29407 2.5147
    endloop
  endfacet
  facet normal 0 0.997859 0.065408
    outer loop
      vertex 161.16 2.375 1.9
      vertex 152.4 2.35468 2.21
      vertex 161.16 2.35468 2.21
    endloop
  endfacet
  facet normal 0 0.997859 0.065408
    outer loop
      vertex 152.4 2.35468 2.21
      vertex 161.16 2.375 1.9
      vertex 152.4 2.375 1.9
    endloop
  endfacet
  facet normal 0 0.831465 0.555576
    outer loop
      vertex 161.16 2.05681 3.0875
      vertex 152.4 1.88421 3.34581
      vertex 161.16 1.88421 3.34581
    endloop
  endfacet
  facet normal 0 0.831465 0.555576
    outer loop
      vertex 152.4 1.88421 3.34581
      vertex 161.16 2.05681 3.0875
      vertex 152.4 2.05681 3.0875
    endloop
  endfacet
  facet normal 0 0.555476 -0.831532
    outer loop
      vertex 152.4 1.42218 0
      vertex 161.16 1.44581 0.0157852
      vertex 161.16 1.42218 0
    endloop
  endfacet
  facet normal 0 0.555476 -0.831532
    outer loop
      vertex 161.16 1.44581 0.0157852
      vertex 152.4 1.42218 0
      vertex 152.4 1.44581 0.0157852
    endloop
  endfacet
  facet normal 0 -0.659347 -0.751839
    outer loop
      vertex 152.4 -1.67938 0.220621
      vertex 158.16 -1.44581 0.0157852
      vertex 158.16 -1.67938 0.220621
    endloop
  endfacet
  facet normal -0 -0.659347 -0.751839
    outer loop
      vertex 158.16 -1.44581 0.0157852
      vertex 152.4 -1.67938 0.220621
      vertex 152.4 -1.44581 0.0157852
    endloop
  endfacet
  facet normal 0 0.659347 -0.751839
    outer loop
      vertex 152.4 1.44581 0.0157852
      vertex 161.16 1.67938 0.220621
      vertex 161.16 1.44581 0.0157852
    endloop
  endfacet
  facet normal 0 0.659347 -0.751839
    outer loop
      vertex 161.16 1.67938 0.220621
      vertex 152.4 1.44581 0.0157852
      vertex 152.4 1.67938 0.220621
    endloop
  endfacet
  facet normal 0 0.896879 0.442275
    outer loop
      vertex 161.16 2.19421 2.80887
      vertex 152.4 2.05681 3.0875
      vertex 161.16 2.05681 3.0875
    endloop
  endfacet
  facet normal 0 0.896879 0.442275
    outer loop
      vertex 152.4 2.05681 3.0875
      vertex 161.16 2.19421 2.80887
      vertex 152.4 2.19421 2.80887
    endloop
  endfacet
  facet normal 0 -0.980784 0.195095
    outer loop
      vertex 152.4 -2.35468 2.21
      vertex 158.16 -2.29407 2.5147
      vertex 152.4 -2.29407 2.5147
    endloop
  endfacet
  facet normal 0 -0.980784 0.195095
    outer loop
      vertex 158.16 -2.29407 2.5147
      vertex 152.4 -2.35468 2.21
      vertex 158.16 -2.35468 2.21
    endloop
  endfacet
  facet normal 0 0.980784 0.195095
    outer loop
      vertex 161.16 2.35468 2.21
      vertex 152.4 2.29407 2.5147
      vertex 161.16 2.29407 2.5147
    endloop
  endfacet
  facet normal 0 0.980784 0.195095
    outer loop
      vertex 152.4 2.29407 2.5147
      vertex 161.16 2.35468 2.21
      vertex 152.4 2.35468 2.21
    endloop
  endfacet
  facet normal 0 0.751848 -0.659336
    outer loop
      vertex 161.16 1.67938 0.220621
      vertex 152.4 1.88421 0.454191
      vertex 161.16 1.88421 0.454191
    endloop
  endfacet
  facet normal 0 0.751848 -0.659336
    outer loop
      vertex 152.4 1.88421 0.454191
      vertex 161.16 1.67938 0.220621
      vertex 152.4 1.67938 0.220621
    endloop
  endfacet
  facet normal -0 0.555593 0.831454
    outer loop
      vertex 152.4 1.44581 3.78421
      vertex 161.16 1.42218 3.8
      vertex 161.16 1.44581 3.78421
    endloop
  endfacet
  facet normal 0 0.555593 0.831454
    outer loop
      vertex 161.16 1.42218 3.8
      vertex 152.4 1.44581 3.78421
      vertex 152.4 1.42218 3.8
    endloop
  endfacet
  facet normal 0 0.980784 -0.195095
    outer loop
      vertex 161.16 2.29407 1.2853
      vertex 152.4 2.35468 1.59
      vertex 161.16 2.35468 1.59
    endloop
  endfacet
  facet normal 0 0.980784 -0.195095
    outer loop
      vertex 152.4 2.35468 1.59
      vertex 161.16 2.29407 1.2853
      vertex 152.4 2.29407 1.2853
    endloop
  endfacet
  facet normal 0 -0.831465 0.555576
    outer loop
      vertex 152.4 -2.05681 3.0875
      vertex 158.16 -1.88421 3.34581
      vertex 152.4 -1.88421 3.34581
    endloop
  endfacet
  facet normal 0 -0.831465 0.555576
    outer loop
      vertex 158.16 -1.88421 3.34581
      vertex 152.4 -2.05681 3.0875
      vertex 158.16 -2.05681 3.0875
    endloop
  endfacet
  facet normal 0 -0.659336 0.751848
    outer loop
      vertex 152.4 -1.44581 3.78421
      vertex 158.16 -1.67938 3.57938
      vertex 158.16 -1.44581 3.78421
    endloop
  endfacet
  facet normal 0 -0.659336 0.751848
    outer loop
      vertex 158.16 -1.67938 3.57938
      vertex 152.4 -1.44581 3.78421
      vertex 152.4 -1.67938 3.57938
    endloop
  endfacet
  facet normal 0 0.751848 0.659336
    outer loop
      vertex 161.16 1.88421 3.34581
      vertex 152.4 1.67938 3.57938
      vertex 161.16 1.67938 3.57938
    endloop
  endfacet
  facet normal 0 0.751848 0.659336
    outer loop
      vertex 152.4 1.67938 3.57938
      vertex 161.16 1.88421 3.34581
      vertex 152.4 1.88421 3.34581
    endloop
  endfacet
  facet normal -0 0.659336 0.751848
    outer loop
      vertex 152.4 1.67938 3.57938
      vertex 161.16 1.44581 3.78421
      vertex 161.16 1.67938 3.57938
    endloop
  endfacet
  facet normal 0 0.659336 0.751848
    outer loop
      vertex 161.16 1.44581 3.78421
      vertex 152.4 1.67938 3.57938
      vertex 152.4 1.44581 3.78421
    endloop
  endfacet
  facet normal 0 -0.980784 -0.195095
    outer loop
      vertex 152.4 -2.29407 1.2853
      vertex 158.16 -2.35468 1.59
      vertex 152.4 -2.35468 1.59
    endloop
  endfacet
  facet normal 0 -0.980784 -0.195095
    outer loop
      vertex 158.16 -2.35468 1.59
      vertex 152.4 -2.29407 1.2853
      vertex 158.16 -2.29407 1.2853
    endloop
  endfacet
  facet normal 0 0.831464 -0.555578
    outer loop
      vertex 161.16 1.88421 0.454191
      vertex 152.4 2.05681 0.7125
      vertex 161.16 2.05681 0.7125
    endloop
  endfacet
  facet normal 0 0.831464 -0.555578
    outer loop
      vertex 152.4 2.05681 0.7125
      vertex 161.16 1.88421 0.454191
      vertex 152.4 1.88421 0.454191
    endloop
  endfacet
  facet normal 0 0.997859 -0.065408
    outer loop
      vertex 161.16 2.35468 1.59
      vertex 152.4 2.375 1.9
      vertex 161.16 2.375 1.9
    endloop
  endfacet
  facet normal 0 0.997859 -0.065408
    outer loop
      vertex 152.4 2.375 1.9
      vertex 161.16 2.35468 1.59
      vertex 152.4 2.35468 1.59
    endloop
  endfacet
  facet normal 0 -0.946929 -0.321443
    outer loop
      vertex 152.4 -2.19421 0.991126
      vertex 158.16 -2.29407 1.2853
      vertex 152.4 -2.29407 1.2853
    endloop
  endfacet
  facet normal 0 -0.946929 -0.321443
    outer loop
      vertex 158.16 -2.29407 1.2853
      vertex 152.4 -2.19421 0.991126
      vertex 158.16 -2.19421 0.991126
    endloop
  endfacet
  facet normal 0 -0.946927 0.321447
    outer loop
      vertex 152.4 -2.29407 2.5147
      vertex 158.16 -2.19421 2.80887
      vertex 152.4 -2.19421 2.80887
    endloop
  endfacet
  facet normal 0 -0.946927 0.321447
    outer loop
      vertex 158.16 -2.19421 2.80887
      vertex 152.4 -2.29407 2.5147
      vertex 158.16 -2.29407 2.5147
    endloop
  endfacet
  facet normal 1 0 0
    outer loop
      vertex 161.16 2.35468 2.21
      vertex 161.16 2.35468 1.59
      vertex 161.16 2.375 1.9
    endloop
  endfacet
  facet normal 1 0 0
    outer loop
      vertex 161.16 2.29407 2.5147
      vertex 161.16 2.35468 1.59
      vertex 161.16 2.35468 2.21
    endloop
  endfacet
  facet normal 1 0 0
    outer loop
      vertex 161.16 2.29407 2.5147
      vertex 161.16 2.29407 1.2853
      vertex 161.16 2.35468 1.59
    endloop
  endfacet
  facet normal 1 0 0
    outer loop
      vertex 161.16 2.19421 2.80887
      vertex 161.16 2.29407 1.2853
      vertex 161.16 2.29407 2.5147
    endloop
  endfacet
  facet normal 1 0 0
    outer loop
      vertex 161.16 2.19421 2.80887
      vertex 161.16 2.19421 0.991126
      vertex 161.16 2.29407 1.2853
    endloop
  endfacet
  facet normal 1 0 0
    outer loop
      vertex 161.16 2.05681 3.0875
      vertex 161.16 2.19421 0.991126
      vertex 161.16 2.19421 2.80887
    endloop
  endfacet
  facet normal 1 0 0
    outer loop
      vertex 161.16 2.05681 3.0875
      vertex 161.16 2.05681 0.7125
      vertex 161.16 2.19421 0.991126
    endloop
  endfacet
  facet normal 1 0 0
    outer loop
      vertex 161.16 1.88421 3.34581
      vertex 161.16 2.05681 0.7125
      vertex 161.16 2.05681 3.0875
    endloop
  endfacet
  facet normal 1 0 0
    outer loop
      vertex 161.16 1.88421 3.34581
      vertex 161.16 1.88421 0.454191
      vertex 161.16 2.05681 0.7125
    endloop
  endfacet
  facet normal 1 0 0
    outer loop
      vertex 161.16 1.67938 3.57938
      vertex 161.16 1.88421 0.454191
      vertex 161.16 1.88421 3.34581
    endloop
  endfacet
  facet normal 1 0 0
    outer loop
      vertex 161.16 1.67938 3.57938
      vertex 161.16 1.67938 0.220621
      vertex 161.16 1.88421 0.454191
    endloop
  endfacet
  facet normal 1 0 0
    outer loop
      vertex 161.16 1.42218 3.8
      vertex 161.16 1.67938 3.57938
      vertex 161.16 1.44581 3.78421
    endloop
  endfacet
  facet normal 1 0 0
    outer loop
      vertex 161.16 1.67938 3.57938
      vertex 161.16 1.42218 3.8
      vertex 161.16 1.67938 0.220621
    endloop
  endfacet
  facet normal 1 0 0
    outer loop
      vertex 161.16 1.42218 0
      vertex 161.16 1.67938 0.220621
      vertex 161.16 1.42218 3.8
    endloop
  endfacet
  facet normal 1 0 0
    outer loop
      vertex 161.16 1.67938 0.220621
      vertex 161.16 1.42218 0
      vertex 161.16 1.44581 0.0157852
    endloop
  endfacet
  facet normal 1 -0 0
    outer loop
      vertex 161.16 -3.575 3.8
      vertex 161.16 1.42218 0
      vertex 161.16 1.42218 3.8
    endloop
  endfacet
  facet normal 1 0 0
    outer loop
      vertex 161.16 1.42218 0
      vertex 161.16 -3.575 3.8
      vertex 161.16 -3.575 0
    endloop
  endfacet
  facet normal 0 -0.896879 0.442275
    outer loop
      vertex 152.4 -2.19421 2.80887
      vertex 158.16 -2.05681 3.0875
      vertex 152.4 -2.05681 3.0875
    endloop
  endfacet
  facet normal 0 -0.896879 0.442275
    outer loop
      vertex 158.16 -2.05681 3.0875
      vertex 152.4 -2.19421 2.80887
      vertex 158.16 -2.19421 2.80887
    endloop
  endfacet
  facet normal 0 -0.751848 0.659336
    outer loop
      vertex 152.4 -1.88421 3.34581
      vertex 158.16 -1.67938 3.57938
      vertex 152.4 -1.67938 3.57938
    endloop
  endfacet
  facet normal 0 -0.751848 0.659336
    outer loop
      vertex 158.16 -1.67938 3.57938
      vertex 152.4 -1.88421 3.34581
      vertex 158.16 -1.88421 3.34581
    endloop
  endfacet
  facet normal 0 -0.751848 -0.659336
    outer loop
      vertex 152.4 -1.67938 0.220621
      vertex 158.16 -1.88421 0.454191
      vertex 152.4 -1.88421 0.454191
    endloop
  endfacet
  facet normal 0 -0.751848 -0.659336
    outer loop
      vertex 158.16 -1.88421 0.454191
      vertex 152.4 -1.67938 0.220621
      vertex 158.16 -1.67938 0.220621
    endloop
  endfacet
  facet normal 0 -0.555593 0.831454
    outer loop
      vertex 152.4 -1.42218 3.8
      vertex 158.16 -1.44581 3.78421
      vertex 158.16 -1.42218 3.8
    endloop
  endfacet
  facet normal 0 -0.555593 0.831454
    outer loop
      vertex 158.16 -1.44581 3.78421
      vertex 152.4 -1.42218 3.8
      vertex 152.4 -1.44581 3.78421
    endloop
  endfacet
  facet normal 0 -0.997859 -0.065408
    outer loop
      vertex 152.4 -2.35468 1.59
      vertex 158.16 -2.375 1.9
      vertex 152.4 -2.375 1.9
    endloop
  endfacet
  facet normal 0 -0.997859 -0.065408
    outer loop
      vertex 158.16 -2.375 1.9
      vertex 152.4 -2.35468 1.59
      vertex 158.16 -2.35468 1.59
    endloop
  endfacet
  facet normal 0 0.946929 -0.321443
    outer loop
      vertex 161.16 2.19421 0.991126
      vertex 152.4 2.29407 1.2853
      vertex 161.16 2.29407 1.2853
    endloop
  endfacet
  facet normal 0 0.946929 -0.321443
    outer loop
      vertex 152.4 2.29407 1.2853
      vertex 161.16 2.19421 0.991126
      vertex 152.4 2.19421 0.991126
    endloop
  endfacet
  facet normal 0 -0.555476 -0.831532
    outer loop
      vertex 152.4 -1.44581 0.0157852
      vertex 158.16 -1.42218 0
      vertex 158.16 -1.44581 0.0157852
    endloop
  endfacet
  facet normal -0 -0.555476 -0.831532
    outer loop
      vertex 158.16 -1.42218 0
      vertex 152.4 -1.44581 0.0157852
      vertex 152.4 -1.42218 0
    endloop
  endfacet
  facet normal 0 -0.997859 0.065408
    outer loop
      vertex 152.4 -2.375 1.9
      vertex 158.16 -2.35468 2.21
      vertex 152.4 -2.35468 2.21
    endloop
  endfacet
  facet normal 0 -0.997859 0.065408
    outer loop
      vertex 158.16 -2.35468 2.21
      vertex 152.4 -2.375 1.9
      vertex 158.16 -2.375 1.9
    endloop
  endfacet
  facet normal 0 0.896877 -0.442281
    outer loop
      vertex 161.16 2.05681 0.7125
      vertex 152.4 2.19421 0.991126
      vertex 161.16 2.19421 0.991126
    endloop
  endfacet
  facet normal 0 0.896877 -0.442281
    outer loop
      vertex 152.4 2.19421 0.991126
      vertex 161.16 2.05681 0.7125
      vertex 152.4 2.05681 0.7125
    endloop
  endfacet
  facet normal 0 -0.831464 -0.555578
    outer loop
      vertex 152.4 -1.88421 0.454191
      vertex 158.16 -2.05681 0.7125
      vertex 152.4 -2.05681 0.7125
    endloop
  endfacet
  facet normal 0 -0.831464 -0.555578
    outer loop
      vertex 158.16 -2.05681 0.7125
      vertex 152.4 -1.88421 0.454191
      vertex 158.16 -1.88421 0.454191
    endloop
  endfacet
  facet normal 0 -0.896877 -0.442281
    outer loop
      vertex 152.4 -2.05681 0.7125
      vertex 158.16 -2.19421 0.991126
      vertex 152.4 -2.19421 0.991126
    endloop
  endfacet
  facet normal 0 -0.896877 -0.442281
    outer loop
      vertex 158.16 -2.19421 0.991126
      vertex 152.4 -2.05681 0.7125
      vertex 158.16 -2.05681 0.7125
    endloop
  endfacet
  facet normal 0 0 1
    outer loop
      vertex 161.16 1.42218 3.8
      vertex 158.16 -1.42218 3.8
      vertex 161.16 -3.575 3.8
    endloop
  endfacet
  facet normal -0 0 1
    outer loop
      vertex 152.4 1.42218 3.8
      vertex 158.16 -1.42218 3.8
      vertex 161.16 1.42218 3.8
    endloop
  endfacet
  facet normal 0 0 1
    outer loop
      vertex 158.16 -1.42218 3.8
      vertex 152.4 1.42218 3.8
      vertex 152.4 -1.42218 3.8
    endloop
  endfacet
  facet normal 0 0 1
    outer loop
      vertex 161.16 -3.575 3.8
      vertex 158.16 -1.42218 3.8
      vertex 158.16 -3.575 3.8
    endloop
  endfacet
  facet normal 0 -1 0
    outer loop
      vertex 158.16 -3.575 0
      vertex 161.16 -3.575 3.8
      vertex 158.16 -3.575 3.8
    endloop
  endfacet
  facet normal 0 -1 -0
    outer loop
      vertex 161.16 -3.575 3.8
      vertex 158.16 -3.575 0
      vertex 161.16 -3.575 0
    endloop
  endfacet
  facet normal -1 -0 0
    outer loop
      vertex 158.16 -2.35468 1.59
      vertex 158.16 -3.575 0
      vertex 158.16 -2.375 1.9
    endloop
  endfacet
  facet normal -1 -0 0
    outer loop
      vertex 158.16 -2.29407 1.2853
      vertex 158.16 -3.575 0
      vertex 158.16 -2.35468 1.59
    endloop
  endfacet
  facet normal -1 -0 0
    outer loop
      vertex 158.16 -2.19421 0.991126
      vertex 158.16 -3.575 0
      vertex 158.16 -2.29407 1.2853
    endloop
  endfacet
  facet normal -1 -0 0
    outer loop
      vertex 158.16 -2.05681 0.7125
      vertex 158.16 -3.575 0
      vertex 158.16 -2.19421 0.991126
    endloop
  endfacet
  facet normal -1 -0 0
    outer loop
      vertex 158.16 -1.88421 0.454191
      vertex 158.16 -3.575 0
      vertex 158.16 -2.05681 0.7125
    endloop
  endfacet
  facet normal -1 -0 0
    outer loop
      vertex 158.16 -1.67938 0.220621
      vertex 158.16 -3.575 0
      vertex 158.16 -1.88421 0.454191
    endloop
  endfacet
  facet normal -1 -0 0
    outer loop
      vertex 158.16 -1.44581 0.0157852
      vertex 158.16 -3.575 0
      vertex 158.16 -1.67938 0.220621
    endloop
  endfacet
  facet normal -1 0 0
    outer loop
      vertex 158.16 -3.575 0
      vertex 158.16 -1.44581 0.0157852
      vertex 158.16 -1.42218 0
    endloop
  endfacet
  facet normal -1 0 0
    outer loop
      vertex 158.16 -3.575 3.8
      vertex 158.16 -2.375 1.9
      vertex 158.16 -3.575 0
    endloop
  endfacet
  facet normal -1 0 0
    outer loop
      vertex 158.16 -2.375 1.9
      vertex 158.16 -3.575 3.8
      vertex 158.16 -2.35468 2.21
    endloop
  endfacet
  facet normal -1 0 0
    outer loop
      vertex 158.16 -2.35468 2.21
      vertex 158.16 -3.575 3.8
      vertex 158.16 -2.29407 2.5147
    endloop
  endfacet
  facet normal -1 0 0
    outer loop
      vertex 158.16 -1.44581 3.78421
      vertex 158.16 -3.575 3.8
      vertex 158.16 -1.42218 3.8
    endloop
  endfacet
  facet normal -1 0 0
    outer loop
      vertex 158.16 -1.67938 3.57938
      vertex 158.16 -3.575 3.8
      vertex 158.16 -1.44581 3.78421
    endloop
  endfacet
  facet normal -1 0 0
    outer loop
      vertex 158.16 -1.88421 3.34581
      vertex 158.16 -3.575 3.8
      vertex 158.16 -1.67938 3.57938
    endloop
  endfacet
  facet normal -1 0 0
    outer loop
      vertex 158.16 -2.05681 3.0875
      vertex 158.16 -3.575 3.8
      vertex 158.16 -1.88421 3.34581
    endloop
  endfacet
  facet normal -1 0 0
    outer loop
      vertex 158.16 -2.19421 2.80887
      vertex 158.16 -3.575 3.8
      vertex 158.16 -2.05681 3.0875
    endloop
  endfacet
  facet normal -1 0 0
    outer loop
      vertex 158.16 -2.29407 2.5147
      vertex 158.16 -3.575 3.8
      vertex 158.16 -2.19421 2.80887
    endloop
  endfacet
endsolid OpenSCAD_Model
