solid OpenSCAD_Model
  facet normal 1 0 0
    outer loop
      vertex 152.4 15.1 12
      vertex 152.4 2.35468 4.06
      vertex 152.4 2.375 3.75
    endloop
  endfacet
  facet normal 1 0 0
    outer loop
      vertex 152.4 15.1 12
      vertex 152.4 2.29407 4.36469
      vertex 152.4 2.35468 4.06
    endloop
  endfacet
  facet normal 1 0 0
    outer loop
      vertex 152.4 15.1 12
      vertex 152.4 2.19421 4.65887
      vertex 152.4 2.29407 4.36469
    endloop
  endfacet
  facet normal 1 0 0
    outer loop
      vertex 152.4 15.1 12
      vertex 152.4 2.05681 4.9375
      vertex 152.4 2.19421 4.65887
    endloop
  endfacet
  facet normal 1 0 0
    outer loop
      vertex 152.4 15.1 12
      vertex 152.4 1.88421 5.19581
      vertex 152.4 2.05681 4.9375
    endloop
  endfacet
  facet normal 1 0 0
    outer loop
      vertex 152.4 15.1 12
      vertex 152.4 1.67938 5.42938
      vertex 152.4 1.88421 5.19581
    endloop
  endfacet
  facet normal 1 0 0
    outer loop
      vertex 152.4 15.1 12
      vertex 152.4 1.44581 5.63421
      vertex 152.4 1.67938 5.42938
    endloop
  endfacet
  facet normal 1 -0 0
    outer loop
      vertex 152.4 -2.375 12
      vertex 152.4 1.44581 5.63421
      vertex 152.4 15.1 12
    endloop
  endfacet
  facet normal 1 0 0
    outer loop
      vertex 152.4 1.44581 5.63421
      vertex 152.4 -2.375 12
      vertex 152.4 1.27252 5.75
    endloop
  endfacet
  facet normal 1 0 0
    outer loop
      vertex 152.4 1.27252 5.75
      vertex 152.4 -2.375 12
      vertex 152.4 -1.27252 5.75
    endloop
  endfacet
  facet normal 1 0 0
    outer loop
      vertex 152.4 -2.375 12
      vertex 152.4 -1.44581 5.63421
      vertex 152.4 -1.27252 5.75
    endloop
  endfacet
  facet normal 1 0 0
    outer loop
      vertex 152.4 -2.375 12
      vertex 152.4 -1.67938 5.42938
      vertex 152.4 -1.44581 5.63421
    endloop
  endfacet
  facet normal 1 0 0
    outer loop
      vertex 152.4 -2.375 12
      vertex 152.4 -1.88421 5.19581
      vertex 152.4 -1.67938 5.42938
    endloop
  endfacet
  facet normal 1 0 0
    outer loop
      vertex 152.4 -2.375 12
      vertex 152.4 -2.05681 4.9375
      vertex 152.4 -1.88421 5.19581
    endloop
  endfacet
  facet normal 1 0 0
    outer loop
      vertex 152.4 -2.375 12
      vertex 152.4 -2.19421 4.65887
      vertex 152.4 -2.05681 4.9375
    endloop
  endfacet
  facet normal 1 0 0
    outer loop
      vertex 152.4 -2.375 12
      vertex 152.4 -2.29407 4.36469
      vertex 152.4 -2.19421 4.65887
    endloop
  endfacet
  facet normal 1 0 0
    outer loop
      vertex 152.4 -2.375 12
      vertex 152.4 -2.35468 4.06
      vertex 152.4 -2.29407 4.36469
    endloop
  endfacet
  facet normal 1 0 0
    outer loop
      vertex 152.4 -2.35468 4.06
      vertex 152.4 -2.375 12
      vertex 152.4 -2.375 3.75
    endloop
  endfacet
  facet normal 1 0 0
    outer loop
      vertex 152.4 15.1 12
      vertex 152.4 29.1 16
      vertex 152.4 15.1 16
    endloop
  endfacet
  facet normal 1 0 0
    outer loop
      vertex 152.4 29.1 16
      vertex 152.4 15.1 12
      vertex 152.4 29.1 0
    endloop
  endfacet
  facet normal 1 0 0
    outer loop
      vertex 152.4 2.35468 3.44
      vertex 152.4 15.1 12
      vertex 152.4 2.375 3.75
    endloop
  endfacet
  facet normal 1 0 0
    outer loop
      vertex 152.4 2.29407 3.13531
      vertex 152.4 15.1 12
      vertex 152.4 2.35468 3.44
    endloop
  endfacet
  facet normal 1 0 0
    outer loop
      vertex 152.4 2.19421 2.84113
      vertex 152.4 15.1 12
      vertex 152.4 2.29407 3.13531
    endloop
  endfacet
  facet normal 1 0 0
    outer loop
      vertex 152.4 15.1 12
      vertex 152.4 2.19421 2.84113
      vertex 152.4 29.1 0
    endloop
  endfacet
  facet normal 1 -0 0
    outer loop
      vertex 152.4 2.05681 2.5625
      vertex 152.4 29.1 0
      vertex 152.4 2.19421 2.84113
    endloop
  endfacet
  facet normal 1 -0 0
    outer loop
      vertex 152.4 1.88421 2.30419
      vertex 152.4 29.1 0
      vertex 152.4 2.05681 2.5625
    endloop
  endfacet
  facet normal 1 -0 0
    outer loop
      vertex 152.4 1.67938 2.07062
      vertex 152.4 29.1 0
      vertex 152.4 1.88421 2.30419
    endloop
  endfacet
  facet normal 1 -0 0
    outer loop
      vertex 152.4 1.44581 1.86579
      vertex 152.4 29.1 0
      vertex 152.4 1.67938 2.07062
    endloop
  endfacet
  facet normal 1 -0 0
    outer loop
      vertex 152.4 1.27252 1.75
      vertex 152.4 29.1 0
      vertex 152.4 1.44581 1.86579
    endloop
  endfacet
  facet normal 1 0 0
    outer loop
      vertex 152.4 -2.375 0
      vertex 152.4 1.27252 1.75
      vertex 152.4 -1.27252 1.75
    endloop
  endfacet
  facet normal 1 0 0
    outer loop
      vertex 152.4 1.27252 1.75
      vertex 152.4 -2.375 0
      vertex 152.4 29.1 0
    endloop
  endfacet
  facet normal 1 0 0
    outer loop
      vertex 152.4 -1.44581 1.86579
      vertex 152.4 -2.375 0
      vertex 152.4 -1.27252 1.75
    endloop
  endfacet
  facet normal 1 0 0
    outer loop
      vertex 152.4 -1.67938 2.07062
      vertex 152.4 -2.375 0
      vertex 152.4 -1.44581 1.86579
    endloop
  endfacet
  facet normal 1 0 0
    outer loop
      vertex 152.4 -1.88421 2.30419
      vertex 152.4 -2.375 0
      vertex 152.4 -1.67938 2.07062
    endloop
  endfacet
  facet normal 1 0 0
    outer loop
      vertex 152.4 -2.05681 2.5625
      vertex 152.4 -2.375 0
      vertex 152.4 -1.88421 2.30419
    endloop
  endfacet
  facet normal 1 0 0
    outer loop
      vertex 152.4 -2.19421 2.84113
      vertex 152.4 -2.375 0
      vertex 152.4 -2.05681 2.5625
    endloop
  endfacet
  facet normal 1 0 0
    outer loop
      vertex 152.4 -2.29407 3.13531
      vertex 152.4 -2.375 0
      vertex 152.4 -2.19421 2.84113
    endloop
  endfacet
  facet normal 1 0 0
    outer loop
      vertex 152.4 -2.35468 3.44
      vertex 152.4 -2.375 0
      vertex 152.4 -2.29407 3.13531
    endloop
  endfacet
  facet normal 1 0 0
    outer loop
      vertex 152.4 -2.375 0
      vertex 152.4 -2.35468 3.44
      vertex 152.4 -2.375 3.75
    endloop
  endfacet
  facet normal 0 0 -1
    outer loop
      vertex 146.4 15.1 0
      vertex 152.4 -2.375 0
      vertex 146.4 -2.375 0
    endloop
  endfacet
  facet normal 0 0 -1
    outer loop
      vertex 152.4 -2.375 0
      vertex 146.4 15.1 0
      vertex 152.4 29.1 0
    endloop
  endfacet
  facet normal 0 0 -1
    outer loop
      vertex 146.4 15.1 0
      vertex 6 29.1 0
      vertex 152.4 29.1 0
    endloop
  endfacet
  facet normal 0 0 -1
    outer loop
      vertex 0 15.1 0
      vertex 6 29.1 0
      vertex 146.4 15.1 0
    endloop
  endfacet
  facet normal 0 0 -1
    outer loop
      vertex 0 43.1 0
      vertex 6 29.1 0
      vertex 0 15.1 0
    endloop
  endfacet
  facet normal 0 0 -1
    outer loop
      vertex 6 29.1 0
      vertex 0 43.1 0
      vertex 6 43.1 0
    endloop
  endfacet
  facet normal -0 0 1
    outer loop
      vertex 60 29.1 16
      vertex 152.4 15.1 16
      vertex 152.4 29.1 16
    endloop
  endfacet
  facet normal 0 0 1
    outer loop
      vertex 152.4 15.1 16
      vertex 60 29.1 16
      vertex 60 15.1 16
    endloop
  endfacet
  facet normal -1 0 0
    outer loop
      vertex 0 43.1 0
      vertex 0 38.35 10
      vertex 0 43.1 20
    endloop
  endfacet
  facet normal -1 0 0
    outer loop
      vertex 0 43.1 0
      vertex 0 38.3307 9.70632
      vertex 0 38.35 10
    endloop
  endfacet
  facet normal -1 0 0
    outer loop
      vertex 0 43.1 0
      vertex 0 38.2733 9.41766
      vertex 0 38.3307 9.70632
    endloop
  endfacet
  facet normal -1 0 0
    outer loop
      vertex 0 43.1 0
      vertex 0 38.1787 9.13896
      vertex 0 38.2733 9.41766
    endloop
  endfacet
  facet normal -1 0 0
    outer loop
      vertex 0 43.1 0
      vertex 0 38.0486 8.875
      vertex 0 38.1787 9.13896
    endloop
  endfacet
  facet normal -1 0 0
    outer loop
      vertex 0 43.1 0
      vertex 0 37.885 8.63029
      vertex 0 38.0486 8.875
    endloop
  endfacet
  facet normal -1 0 0
    outer loop
      vertex 0 43.1 0
      vertex 0 37.691 8.40901
      vertex 0 37.885 8.63029
    endloop
  endfacet
  facet normal -1 0 0
    outer loop
      vertex 0 43.1 0
      vertex 0 37.4697 8.21496
      vertex 0 37.691 8.40901
    endloop
  endfacet
  facet normal -1 0 0
    outer loop
      vertex 0 43.1 0
      vertex 0 37.225 8.05144
      vertex 0 37.4697 8.21496
    endloop
  endfacet
  facet normal -1 0 0
    outer loop
      vertex 0 43.1 0
      vertex 0 36.961 7.92127
      vertex 0 37.225 8.05144
    endloop
  endfacet
  facet normal -1 0 0
    outer loop
      vertex 0 43.1 0
      vertex 0 36.6823 7.82667
      vertex 0 36.961 7.92127
    endloop
  endfacet
  facet normal -1 0 0
    outer loop
      vertex 0 43.1 0
      vertex 0 36.3937 7.76925
      vertex 0 36.6823 7.82667
    endloop
  endfacet
  facet normal -1 0 0
    outer loop
      vertex 0 43.1 0
      vertex 0 36.1 7.75
      vertex 0 36.3937 7.76925
    endloop
  endfacet
  facet normal -1 0 0
    outer loop
      vertex 0 43.1 0
      vertex 0 35.8063 7.76925
      vertex 0 36.1 7.75
    endloop
  endfacet
  facet normal -1 0 0
    outer loop
      vertex 0 43.1 0
      vertex 0 35.5177 7.82667
      vertex 0 35.8063 7.76925
    endloop
  endfacet
  facet normal -1 0 0
    outer loop
      vertex 0 43.1 0
      vertex 0 35.239 7.92127
      vertex 0 35.5177 7.82667
    endloop
  endfacet
  facet normal -1 0 0
    outer loop
      vertex 0 15.1 0
      vertex 0 35.239 7.92127
      vertex 0 43.1 0
    endloop
  endfacet
  facet normal -1 -0 0
    outer loop
      vertex 0 35.239 7.92127
      vertex 0 15.1 0
      vertex 0 34.975 8.05144
    endloop
  endfacet
  facet normal -1 -0 0
    outer loop
      vertex 0 34.975 8.05144
      vertex 0 15.1 0
      vertex 0 34.7303 8.21496
    endloop
  endfacet
  facet normal -1 0 0
    outer loop
      vertex 0 15.1 0
      vertex 0 33.85 10
      vertex 0 33.8693 9.70632
    endloop
  endfacet
  facet normal -1 0 0
    outer loop
      vertex 0 15.1 0
      vertex 0 33.8693 9.70632
      vertex 0 33.9267 9.41766
    endloop
  endfacet
  facet normal -1 0 0
    outer loop
      vertex 0 15.1 0
      vertex 0 33.9267 9.41766
      vertex 0 34.0213 9.13896
    endloop
  endfacet
  facet normal -1 0 0
    outer loop
      vertex 0 24.1787 91.139
      vertex 0 29.1 100
      vertex 0 29.1 20
    endloop
  endfacet
  facet normal -1 0 0
    outer loop
      vertex 0 29.1 100
      vertex 0 24.3307 91.7063
      vertex 0 24.35 92
    endloop
  endfacet
  facet normal -1 0 0
    outer loop
      vertex 0 29.1 100
      vertex 0 24.2733 91.4177
      vertex 0 24.3307 91.7063
    endloop
  endfacet
  facet normal -1 0 0
    outer loop
      vertex 0 29.1 100
      vertex 0 24.1787 91.139
      vertex 0 24.2733 91.4177
    endloop
  endfacet
  facet normal -1 0 0
    outer loop
      vertex 0 29.1 20
      vertex 0 24.0486 90.875
      vertex 0 24.1787 91.139
    endloop
  endfacet
  facet normal -1 0 0
    outer loop
      vertex 0 29.1 20
      vertex 0 23.885 90.6303
      vertex 0 24.0486 90.875
    endloop
  endfacet
  facet normal -1 0 0
    outer loop
      vertex 0 29.1 20
      vertex 0 23.691 90.409
      vertex 0 23.885 90.6303
    endloop
  endfacet
  facet normal -1 0 0
    outer loop
      vertex 0 29.1 20
      vertex 0 23.4697 90.215
      vertex 0 23.691 90.409
    endloop
  endfacet
  facet normal -1 0 0
    outer loop
      vertex 0 29.1 20
      vertex 0 23.225 90.0514
      vertex 0 23.4697 90.215
    endloop
  endfacet
  facet normal -1 0 0
    outer loop
      vertex 0 29.1 20
      vertex 0 22.961 89.9213
      vertex 0 23.225 90.0514
    endloop
  endfacet
  facet normal -1 0 0
    outer loop
      vertex 0 29.1 20
      vertex 0 22.6823 89.8267
      vertex 0 22.961 89.9213
    endloop
  endfacet
  facet normal -1 0 0
    outer loop
      vertex 0 29.1 20
      vertex 0 22.3937 89.7692
      vertex 0 22.6823 89.8267
    endloop
  endfacet
  facet normal -1 0 0
    outer loop
      vertex 0 29.1 20
      vertex 0 22.1 89.75
      vertex 0 22.3937 89.7692
    endloop
  endfacet
  facet normal -1 0 0
    outer loop
      vertex 0 29.1 20
      vertex 0 21.8063 89.7692
      vertex 0 22.1 89.75
    endloop
  endfacet
  facet normal -1 0 0
    outer loop
      vertex 0 29.1 20
      vertex 0 21.5177 89.8267
      vertex 0 21.8063 89.7692
    endloop
  endfacet
  facet normal -1 0 0
    outer loop
      vertex 0 29.1 20
      vertex 0 21.239 89.9213
      vertex 0 21.5177 89.8267
    endloop
  endfacet
  facet normal -1 0 0
    outer loop
      vertex 0 29.1 20
      vertex 0 20.975 90.0514
      vertex 0 21.239 89.9213
    endloop
  endfacet
  facet normal -1 0 0
    outer loop
      vertex 0 29.1 20
      vertex 0 20.7303 90.215
      vertex 0 20.975 90.0514
    endloop
  endfacet
  facet normal -1 0 0
    outer loop
      vertex 0 29.1 20
      vertex 0 20.509 90.409
      vertex 0 20.7303 90.215
    endloop
  endfacet
  facet normal -1 0 0
    outer loop
      vertex 0 29.1 20
      vertex 0 20.315 90.6303
      vertex 0 20.509 90.409
    endloop
  endfacet
  facet normal -1 0 0
    outer loop
      vertex 0 15.1 0
      vertex 0 20.315 90.6303
      vertex 0 29.1 20
    endloop
  endfacet
  facet normal -1 -0 0
    outer loop
      vertex 0 20.315 90.6303
      vertex 0 15.1 0
      vertex 0 20.1514 90.875
    endloop
  endfacet
  facet normal -1 -0 0
    outer loop
      vertex 0 20.1514 90.875
      vertex 0 15.1 0
      vertex 0 20.0213 91.139
    endloop
  endfacet
  facet normal -1 0 0
    outer loop
      vertex 0 15.1 100
      vertex 0 20.0213 91.139
      vertex 0 15.1 0
    endloop
  endfacet
  facet normal -1 0 0
    outer loop
      vertex 0 19.9267 91.4177
      vertex 0 15.1 100
      vertex 0 19.8692 91.7063
    endloop
  endfacet
  facet normal -1 0 0
    outer loop
      vertex 0 20.0213 91.139
      vertex 0 15.1 100
      vertex 0 19.9267 91.4177
    endloop
  endfacet
  facet normal -1 -0 0
    outer loop
      vertex 0 33.85 10
      vertex 0 15.1 0
      vertex 0 29.1 20
    endloop
  endfacet
  facet normal -1 -0 0
    outer loop
      vertex 0 34.1514 8.875
      vertex 0 15.1 0
      vertex 0 34.0213 9.13896
    endloop
  endfacet
  facet normal -1 -0 0
    outer loop
      vertex 0 34.315 8.63029
      vertex 0 15.1 0
      vertex 0 34.1514 8.875
    endloop
  endfacet
  facet normal -1 -0 0
    outer loop
      vertex 0 34.509 8.40901
      vertex 0 15.1 0
      vertex 0 34.315 8.63029
    endloop
  endfacet
  facet normal -1 -0 0
    outer loop
      vertex 0 34.7303 8.21496
      vertex 0 15.1 0
      vertex 0 34.509 8.40901
    endloop
  endfacet
  facet normal -1 0 0
    outer loop
      vertex 0 38.3307 10.2937
      vertex 0 43.1 20
      vertex 0 38.35 10
    endloop
  endfacet
  facet normal -1 0 0
    outer loop
      vertex 0 38.2733 10.5823
      vertex 0 43.1 20
      vertex 0 38.3307 10.2937
    endloop
  endfacet
  facet normal -1 0 0
    outer loop
      vertex 0 38.1787 10.861
      vertex 0 43.1 20
      vertex 0 38.2733 10.5823
    endloop
  endfacet
  facet normal -1 0 0
    outer loop
      vertex 0 38.0486 11.125
      vertex 0 43.1 20
      vertex 0 38.1787 10.861
    endloop
  endfacet
  facet normal -1 0 0
    outer loop
      vertex 0 37.885 11.3697
      vertex 0 43.1 20
      vertex 0 38.0486 11.125
    endloop
  endfacet
  facet normal -1 0 0
    outer loop
      vertex 0 37.691 11.591
      vertex 0 43.1 20
      vertex 0 37.885 11.3697
    endloop
  endfacet
  facet normal -1 0 0
    outer loop
      vertex 0 37.4697 11.785
      vertex 0 43.1 20
      vertex 0 37.691 11.591
    endloop
  endfacet
  facet normal -1 0 0
    outer loop
      vertex 0 37.225 11.9486
      vertex 0 43.1 20
      vertex 0 37.4697 11.785
    endloop
  endfacet
  facet normal -1 0 0
    outer loop
      vertex 0 36.961 12.0787
      vertex 0 43.1 20
      vertex 0 37.225 11.9486
    endloop
  endfacet
  facet normal -1 0 0
    outer loop
      vertex 0 36.6823 12.1733
      vertex 0 43.1 20
      vertex 0 36.961 12.0787
    endloop
  endfacet
  facet normal -1 0 0
    outer loop
      vertex 0 36.3937 12.2308
      vertex 0 43.1 20
      vertex 0 36.6823 12.1733
    endloop
  endfacet
  facet normal -1 0 0
    outer loop
      vertex 0 36.1 12.25
      vertex 0 43.1 20
      vertex 0 36.3937 12.2308
    endloop
  endfacet
  facet normal -1 0 0
    outer loop
      vertex 0 29.1 20
      vertex 0 36.1 12.25
      vertex 0 35.8063 12.2308
    endloop
  endfacet
  facet normal -1 0 0
    outer loop
      vertex 0 29.1 20
      vertex 0 35.8063 12.2308
      vertex 0 35.5177 12.1733
    endloop
  endfacet
  facet normal -1 0 0
    outer loop
      vertex 0 29.1 20
      vertex 0 35.5177 12.1733
      vertex 0 35.239 12.0787
    endloop
  endfacet
  facet normal -1 0 0
    outer loop
      vertex 0 29.1 20
      vertex 0 35.239 12.0787
      vertex 0 34.975 11.9486
    endloop
  endfacet
  facet normal -1 0 0
    outer loop
      vertex 0 29.1 20
      vertex 0 34.975 11.9486
      vertex 0 34.7303 11.785
    endloop
  endfacet
  facet normal -1 0 0
    outer loop
      vertex 0 29.1 20
      vertex 0 34.7303 11.785
      vertex 0 34.509 11.591
    endloop
  endfacet
  facet normal -1 0 0
    outer loop
      vertex 0 36.1 12.25
      vertex 0 29.1 20
      vertex 0 43.1 20
    endloop
  endfacet
  facet normal -1 0 0
    outer loop
      vertex 0 34.315 11.3697
      vertex 0 29.1 20
      vertex 0 34.509 11.591
    endloop
  endfacet
  facet normal -1 0 0
    outer loop
      vertex 0 34.1514 11.125
      vertex 0 29.1 20
      vertex 0 34.315 11.3697
    endloop
  endfacet
  facet normal -1 0 0
    outer loop
      vertex 0 34.0213 10.861
      vertex 0 29.1 20
      vertex 0 34.1514 11.125
    endloop
  endfacet
  facet normal -1 0 0
    outer loop
      vertex 0 33.9267 10.5823
      vertex 0 29.1 20
      vertex 0 34.0213 10.861
    endloop
  endfacet
  facet normal -1 0 0
    outer loop
      vertex 0 33.8693 10.2937
      vertex 0 29.1 20
      vertex 0 33.9267 10.5823
    endloop
  endfacet
  facet normal -1 0 0
    outer loop
      vertex 0 29.1 20
      vertex 0 33.8693 10.2937
      vertex 0 33.85 10
    endloop
  endfacet
  facet normal -1 0 0
    outer loop
      vertex 0 24.3307 92.2937
      vertex 0 29.1 100
      vertex 0 24.35 92
    endloop
  endfacet
  facet normal -1 0 0
    outer loop
      vertex 0 24.2733 92.5823
      vertex 0 29.1 100
      vertex 0 24.3307 92.2937
    endloop
  endfacet
  facet normal -1 0 0
    outer loop
      vertex 0 24.1787 92.861
      vertex 0 29.1 100
      vertex 0 24.2733 92.5823
    endloop
  endfacet
  facet normal -1 0 0
    outer loop
      vertex 0 24.0486 93.125
      vertex 0 29.1 100
      vertex 0 24.1787 92.861
    endloop
  endfacet
  facet normal -1 0 0
    outer loop
      vertex 0 23.885 93.3697
      vertex 0 29.1 100
      vertex 0 24.0486 93.125
    endloop
  endfacet
  facet normal -1 0 0
    outer loop
      vertex 0 23.691 93.591
      vertex 0 29.1 100
      vertex 0 23.885 93.3697
    endloop
  endfacet
  facet normal -1 0 0
    outer loop
      vertex 0 23.4697 93.785
      vertex 0 29.1 100
      vertex 0 23.691 93.591
    endloop
  endfacet
  facet normal -1 0 0
    outer loop
      vertex 0 23.225 93.9486
      vertex 0 29.1 100
      vertex 0 23.4697 93.785
    endloop
  endfacet
  facet normal -1 0 0
    outer loop
      vertex 0 22.961 94.0787
      vertex 0 29.1 100
      vertex 0 23.225 93.9486
    endloop
  endfacet
  facet normal -1 0 0
    outer loop
      vertex 0 22.6823 94.1733
      vertex 0 29.1 100
      vertex 0 22.961 94.0787
    endloop
  endfacet
  facet normal -1 0 0
    outer loop
      vertex 0 22.3937 94.2308
      vertex 0 29.1 100
      vertex 0 22.6823 94.1733
    endloop
  endfacet
  facet normal -1 0 0
    outer loop
      vertex 0 22.1 94.25
      vertex 0 29.1 100
      vertex 0 22.3937 94.2308
    endloop
  endfacet
  facet normal -1 0 0
    outer loop
      vertex 0 15.1 100
      vertex 0 22.1 94.25
      vertex 0 21.8063 94.2308
    endloop
  endfacet
  facet normal -1 0 0
    outer loop
      vertex 0 15.1 100
      vertex 0 21.8063 94.2308
      vertex 0 21.5177 94.1733
    endloop
  endfacet
  facet normal -1 0 0
    outer loop
      vertex 0 15.1 100
      vertex 0 21.5177 94.1733
      vertex 0 21.239 94.0787
    endloop
  endfacet
  facet normal -1 0 0
    outer loop
      vertex 0 15.1 100
      vertex 0 21.239 94.0787
      vertex 0 20.975 93.9486
    endloop
  endfacet
  facet normal -1 0 0
    outer loop
      vertex 0 15.1 100
      vertex 0 20.975 93.9486
      vertex 0 20.7303 93.785
    endloop
  endfacet
  facet normal -1 0 0
    outer loop
      vertex 0 22.1 94.25
      vertex 0 15.1 100
      vertex 0 29.1 100
    endloop
  endfacet
  facet normal -1 0 0
    outer loop
      vertex 0 20.509 93.591
      vertex 0 15.1 100
      vertex 0 20.7303 93.785
    endloop
  endfacet
  facet normal -1 0 0
    outer loop
      vertex 0 20.315 93.3697
      vertex 0 15.1 100
      vertex 0 20.509 93.591
    endloop
  endfacet
  facet normal -1 0 0
    outer loop
      vertex 0 20.1514 93.125
      vertex 0 15.1 100
      vertex 0 20.315 93.3697
    endloop
  endfacet
  facet normal -1 0 0
    outer loop
      vertex 0 20.0213 92.861
      vertex 0 15.1 100
      vertex 0 20.1514 93.125
    endloop
  endfacet
  facet normal -1 0 0
    outer loop
      vertex 0 19.9267 92.5823
      vertex 0 15.1 100
      vertex 0 20.0213 92.861
    endloop
  endfacet
  facet normal -1 0 0
    outer loop
      vertex 0 19.8692 92.2937
      vertex 0 15.1 100
      vertex 0 19.9267 92.5823
    endloop
  endfacet
  facet normal -1 0 0
    outer loop
      vertex 0 19.85 92
      vertex 0 15.1 100
      vertex 0 19.8692 92.2937
    endloop
  endfacet
  facet normal -1 0 0
    outer loop
      vertex 0 19.8692 91.7063
      vertex 0 15.1 100
      vertex 0 19.85 92
    endloop
  endfacet
  facet normal 0 1 0
    outer loop
      vertex 152.4 29.1 16
      vertex 152.4 29.1 0
      vertex 60 29.1 16
    endloop
  endfacet
  facet normal 0 1 0
    outer loop
      vertex 6 29.1 73.6
      vertex 46.1506 29.1 22
      vertex 6 29.1 64.8273
    endloop
  endfacet
  facet normal 0 1 0
    outer loop
      vertex 46.1506 29.1 22
      vertex 6 29.1 20
      vertex 6 29.1 22
    endloop
  endfacet
  facet normal 0 1 0
    outer loop
      vertex 60 29.1 16
      vertex 46.1506 29.1 22
      vertex 6 29.1 73.6
    endloop
  endfacet
  facet normal 0 1 0
    outer loop
      vertex 6 29.1 0
      vertex 46.1506 29.1 22
      vertex 60 29.1 16
    endloop
  endfacet
  facet normal 0 1 0
    outer loop
      vertex 6 29.1 0
      vertex 60 29.1 16
      vertex 152.4 29.1 0
    endloop
  endfacet
  facet normal 0 1 0
    outer loop
      vertex 46.1506 29.1 22
      vertex 6 29.1 0
      vertex 6 29.1 20
    endloop
  endfacet
  facet normal 0 1 -0
    outer loop
      vertex 6 29.1 73.6
      vertex 0 29.1 100
      vertex 6 29.1 100
    endloop
  endfacet
  facet normal 0 1 -0
    outer loop
      vertex 6 29.1 64.8273
      vertex 0 29.1 100
      vertex 6 29.1 73.6
    endloop
  endfacet
  facet normal 0 1 0
    outer loop
      vertex 0 29.1 20
      vertex 6 29.1 64.8273
      vertex 6 29.1 22
    endloop
  endfacet
  facet normal 0 1 0
    outer loop
      vertex 0 29.1 20
      vertex 6 29.1 22
      vertex 6 29.1 20
    endloop
  endfacet
  facet normal 0 1 0
    outer loop
      vertex 6 29.1 64.8273
      vertex 0 29.1 20
      vertex 0 29.1 100
    endloop
  endfacet
  facet normal 0 -1 0
    outer loop
      vertex 0 15.1 100
      vertex 6 15.1 73.6
      vertex 6 15.1 100
    endloop
  endfacet
  facet normal 0 -1 0
    outer loop
      vertex 0 15.1 100
      vertex 6 15.1 64.8273
      vertex 6 15.1 73.6
    endloop
  endfacet
  facet normal 0 -1 0
    outer loop
      vertex 0 15.1 0
      vertex 6 15.1 64.8273
      vertex 0 15.1 100
    endloop
  endfacet
  facet normal 0 -1 0
    outer loop
      vertex 0 15.1 0
      vertex 46.1506 15.1 22
      vertex 6 15.1 22
    endloop
  endfacet
  facet normal 0 -1 0
    outer loop
      vertex 60 15.1 16
      vertex 146.4 15.1 12
      vertex 152.4 15.1 16
    endloop
  endfacet
  facet normal 0 -1 -0
    outer loop
      vertex 6 15.1 64.8273
      vertex 0 15.1 0
      vertex 6 15.1 22
    endloop
  endfacet
  facet normal 0 -1 -0
    outer loop
      vertex 46.1506 15.1 22
      vertex 0 15.1 0
      vertex 60 15.1 16
    endloop
  endfacet
  facet normal 0 -1 0
    outer loop
      vertex 146.4 15.1 0
      vertex 60 15.1 16
      vertex 0 15.1 0
    endloop
  endfacet
  facet normal 0 -1 0
    outer loop
      vertex 60 15.1 16
      vertex 146.4 15.1 0
      vertex 146.4 15.1 12
    endloop
  endfacet
  facet normal 0 -1 0
    outer loop
      vertex 46.1506 15.1 22
      vertex 6 15.1 73.6
      vertex 6 15.1 64.8273
    endloop
  endfacet
  facet normal 0 -1 0
    outer loop
      vertex 6 15.1 73.6
      vertex 46.1506 15.1 22
      vertex 60 15.1 16
    endloop
  endfacet
  facet normal 0 -1 -0
    outer loop
      vertex 152.4 15.1 16
      vertex 146.4 15.1 12
      vertex 152.4 15.1 12
    endloop
  endfacet
  facet normal -0 0 1
    outer loop
      vertex 146.4 15.1 12
      vertex 152.4 -2.375 12
      vertex 152.4 15.1 12
    endloop
  endfacet
  facet normal 0 0 1
    outer loop
      vertex 152.4 -2.375 12
      vertex 146.4 15.1 12
      vertex 146.4 -2.375 12
    endloop
  endfacet
  facet normal -1 0 0
    outer loop
      vertex 146.4 -2.375 0
      vertex 146.4 15.1 12
      vertex 146.4 15.1 0
    endloop
  endfacet
  facet normal -1 -0 0
    outer loop
      vertex 146.4 15.1 12
      vertex 146.4 -2.375 0
      vertex 146.4 -2.375 12
    endloop
  endfacet
  facet normal 0 -1 0
    outer loop
      vertex 146.4 -2.375 12
      vertex 152.4 -2.375 3.75
      vertex 152.4 -2.375 12
    endloop
  endfacet
  facet normal 0 -1 0
    outer loop
      vertex 146.4 -2.375 0
      vertex 152.4 -2.375 3.75
      vertex 146.4 -2.375 12
    endloop
  endfacet
  facet normal 0 -1 -0
    outer loop
      vertex 152.4 -2.375 3.75
      vertex 146.4 -2.375 0
      vertex 152.4 -2.375 0
    endloop
  endfacet
  facet normal 1 0 0
    outer loop
      vertex 6 26.5517 91.4152
      vertex 6 29.1 100
      vertex 6 26.59 92
    endloop
  endfacet
  facet normal 1 0 0
    outer loop
      vertex 6 29.1 100
      vertex 6 26.5517 92.5848
      vertex 6 26.59 92
    endloop
  endfacet
  facet normal 1 0 0
    outer loop
      vertex 6 29.1 100
      vertex 6 26.5516 92.5861
      vertex 6 26.5517 92.5848
    endloop
  endfacet
  facet normal 1 0 0
    outer loop
      vertex 6 29.1 100
      vertex 6 26.437 93.1621
      vertex 6 26.5516 92.5861
    endloop
  endfacet
  facet normal 1 0 0
    outer loop
      vertex 6 29.1 100
      vertex 6 26.4366 93.1633
      vertex 6 26.437 93.1621
    endloop
  endfacet
  facet normal 1 0 0
    outer loop
      vertex 6 29.1 100
      vertex 6 26.2483 93.7183
      vertex 6 26.4366 93.1633
    endloop
  endfacet
  facet normal 1 0 0
    outer loop
      vertex 6 29.1 100
      vertex 6 25.9885 94.245
      vertex 6 26.2483 93.7183
    endloop
  endfacet
  facet normal 1 0 0
    outer loop
      vertex 6 29.1 100
      vertex 6 25.6622 94.7334
      vertex 6 25.9885 94.245
    endloop
  endfacet
  facet normal 1 0 0
    outer loop
      vertex 6 29.1 100
      vertex 6 25.2749 95.1749
      vertex 6 25.6622 94.7334
    endloop
  endfacet
  facet normal 1 0 0
    outer loop
      vertex 6 29.1 100
      vertex 6 24.8334 95.5622
      vertex 6 25.2749 95.1749
    endloop
  endfacet
  facet normal 1 0 0
    outer loop
      vertex 6 29.1 100
      vertex 6 24.345 95.8885
      vertex 6 24.8334 95.5622
    endloop
  endfacet
  facet normal 1 0 0
    outer loop
      vertex 6 29.1 100
      vertex 6 23.8183 96.1483
      vertex 6 24.345 95.8885
    endloop
  endfacet
  facet normal 1 0 0
    outer loop
      vertex 6 29.1 100
      vertex 6 23.2633 96.3366
      vertex 6 23.8183 96.1483
    endloop
  endfacet
  facet normal 1 0 0
    outer loop
      vertex 6 29.1 100
      vertex 6 23.2621 96.3371
      vertex 6 23.2633 96.3366
    endloop
  endfacet
  facet normal 1 0 0
    outer loop
      vertex 6 29.1 100
      vertex 6 22.6861 96.4516
      vertex 6 23.2621 96.3371
    endloop
  endfacet
  facet normal 1 0 0
    outer loop
      vertex 6 29.1 100
      vertex 6 22.6848 96.4517
      vertex 6 22.6861 96.4516
    endloop
  endfacet
  facet normal 1 0 0
    outer loop
      vertex 6 29.1 100
      vertex 6 22.1 96.49
      vertex 6 22.6848 96.4517
    endloop
  endfacet
  facet normal 1 -0 0
    outer loop
      vertex 6 15.1 100
      vertex 6 22.1 96.49
      vertex 6 29.1 100
    endloop
  endfacet
  facet normal 1 0 0
    outer loop
      vertex 6 22.1 96.49
      vertex 6 15.1 100
      vertex 6 21.5152 96.4517
    endloop
  endfacet
  facet normal 1 0 0
    outer loop
      vertex 6 21.5152 96.4517
      vertex 6 15.1 100
      vertex 6 21.5139 96.4516
    endloop
  endfacet
  facet normal 1 0 0
    outer loop
      vertex 6 21.5139 96.4516
      vertex 6 15.1 100
      vertex 6 20.9379 96.3371
    endloop
  endfacet
  facet normal 1 0 0
    outer loop
      vertex 6 20.9379 96.3371
      vertex 6 15.1 100
      vertex 6 20.9367 96.3366
    endloop
  endfacet
  facet normal 1 0 0
    outer loop
      vertex 6 17.6483 92.5848
      vertex 6 15.1 100
      vertex 6 17.61 92
    endloop
  endfacet
  facet normal 1 0 0
    outer loop
      vertex 6 17.6484 92.5861
      vertex 6 15.1 100
      vertex 6 17.6483 92.5848
    endloop
  endfacet
  facet normal 1 0 0
    outer loop
      vertex 6 17.763 93.1621
      vertex 6 15.1 100
      vertex 6 17.6484 92.5861
    endloop
  endfacet
  facet normal 1 0 0
    outer loop
      vertex 6 17.7634 93.1633
      vertex 6 15.1 100
      vertex 6 17.763 93.1621
    endloop
  endfacet
  facet normal 1 0 0
    outer loop
      vertex 6 17.9517 93.7183
      vertex 6 15.1 100
      vertex 6 17.7634 93.1633
    endloop
  endfacet
  facet normal 1 0 0
    outer loop
      vertex 6 18.2115 94.245
      vertex 6 15.1 100
      vertex 6 17.9517 93.7183
    endloop
  endfacet
  facet normal 1 0 0
    outer loop
      vertex 6 18.5378 94.7334
      vertex 6 15.1 100
      vertex 6 18.2115 94.245
    endloop
  endfacet
  facet normal 1 0 0
    outer loop
      vertex 6 18.9251 95.1749
      vertex 6 15.1 100
      vertex 6 18.5378 94.7334
    endloop
  endfacet
  facet normal 1 0 0
    outer loop
      vertex 6 19.3666 95.5622
      vertex 6 15.1 100
      vertex 6 18.9251 95.1749
    endloop
  endfacet
  facet normal 1 0 0
    outer loop
      vertex 6 19.855 95.8885
      vertex 6 15.1 100
      vertex 6 19.3666 95.5622
    endloop
  endfacet
  facet normal 1 0 0
    outer loop
      vertex 6 20.3817 96.1483
      vertex 6 15.1 100
      vertex 6 19.855 95.8885
    endloop
  endfacet
  facet normal 1 0 0
    outer loop
      vertex 6 20.9367 96.3366
      vertex 6 15.1 100
      vertex 6 20.3817 96.1483
    endloop
  endfacet
  facet normal 1 0 0
    outer loop
      vertex 6 26.5516 91.4139
      vertex 6 29.1 100
      vertex 6 26.5517 91.4152
    endloop
  endfacet
  facet normal 1 0 0
    outer loop
      vertex 6 29.1 100
      vertex 6 26.5516 91.4139
      vertex 6 29.1 73.6
    endloop
  endfacet
  facet normal 1 -0 0
    outer loop
      vertex 6 26.437 90.8379
      vertex 6 29.1 73.6
      vertex 6 26.5516 91.4139
    endloop
  endfacet
  facet normal 1 -0 0
    outer loop
      vertex 6 26.4366 90.8367
      vertex 6 29.1 73.6
      vertex 6 26.437 90.8379
    endloop
  endfacet
  facet normal 1 -0 0
    outer loop
      vertex 6 26.2483 90.2817
      vertex 6 29.1 73.6
      vertex 6 26.4366 90.8367
    endloop
  endfacet
  facet normal 1 -0 0
    outer loop
      vertex 6 25.9885 89.755
      vertex 6 29.1 73.6
      vertex 6 26.2483 90.2817
    endloop
  endfacet
  facet normal 1 -0 0
    outer loop
      vertex 6 25.6622 89.2666
      vertex 6 29.1 73.6
      vertex 6 25.9885 89.755
    endloop
  endfacet
  facet normal 1 -0 0
    outer loop
      vertex 6 25.2749 88.8251
      vertex 6 29.1 73.6
      vertex 6 25.6622 89.2666
    endloop
  endfacet
  facet normal 1 -0 0
    outer loop
      vertex 6 24.8334 88.4378
      vertex 6 29.1 73.6
      vertex 6 25.2749 88.8251
    endloop
  endfacet
  facet normal 1 -0 0
    outer loop
      vertex 6 24.345 88.1115
      vertex 6 29.1 73.6
      vertex 6 24.8334 88.4378
    endloop
  endfacet
  facet normal 1 -0 0
    outer loop
      vertex 6 23.8183 87.8517
      vertex 6 29.1 73.6
      vertex 6 24.345 88.1115
    endloop
  endfacet
  facet normal 1 -0 0
    outer loop
      vertex 6 23.2633 87.6634
      vertex 6 29.1 73.6
      vertex 6 23.8183 87.8517
    endloop
  endfacet
  facet normal 1 -0 0
    outer loop
      vertex 6 23.2621 87.6629
      vertex 6 29.1 73.6
      vertex 6 23.2633 87.6634
    endloop
  endfacet
  facet normal 1 -0 0
    outer loop
      vertex 6 22.6861 87.5484
      vertex 6 29.1 73.6
      vertex 6 23.2621 87.6629
    endloop
  endfacet
  facet normal 1 -0 0
    outer loop
      vertex 6 22.6848 87.5483
      vertex 6 29.1 73.6
      vertex 6 22.6861 87.5484
    endloop
  endfacet
  facet normal 1 -0 0
    outer loop
      vertex 6 22.1 87.51
      vertex 6 29.1 73.6
      vertex 6 22.6848 87.5483
    endloop
  endfacet
  facet normal 1 0 0
    outer loop
      vertex 6 15.1 73.6
      vertex 6 22.1 87.51
      vertex 6 21.5152 87.5483
    endloop
  endfacet
  facet normal 1 0 0
    outer loop
      vertex 6 15.1 73.6
      vertex 6 21.5152 87.5483
      vertex 6 21.5139 87.5484
    endloop
  endfacet
  facet normal 1 0 0
    outer loop
      vertex 6 15.1 73.6
      vertex 6 21.5139 87.5484
      vertex 6 20.9379 87.6629
    endloop
  endfacet
  facet normal 1 0 0
    outer loop
      vertex 6 15.1 73.6
      vertex 6 20.9379 87.6629
      vertex 6 20.9367 87.6634
    endloop
  endfacet
  facet normal 1 0 0
    outer loop
      vertex 6 15.1 73.6
      vertex 6 20.9367 87.6634
      vertex 6 20.3817 87.8517
    endloop
  endfacet
  facet normal 1 0 0
    outer loop
      vertex 6 15.1 73.6
      vertex 6 20.3817 87.8517
      vertex 6 19.855 88.1115
    endloop
  endfacet
  facet normal 1 0 0
    outer loop
      vertex 6 15.1 73.6
      vertex 6 19.855 88.1115
      vertex 6 19.3666 88.4378
    endloop
  endfacet
  facet normal 1 0 0
    outer loop
      vertex 6 15.1 73.6
      vertex 6 19.3666 88.4378
      vertex 6 18.9251 88.8251
    endloop
  endfacet
  facet normal 1 0 0
    outer loop
      vertex 6 15.1 73.6
      vertex 6 18.9251 88.8251
      vertex 6 18.5378 89.2666
    endloop
  endfacet
  facet normal 1 0 0
    outer loop
      vertex 6 15.1 100
      vertex 6 17.6483 91.4152
      vertex 6 17.61 92
    endloop
  endfacet
  facet normal 1 0 0
    outer loop
      vertex 6 15.1 100
      vertex 6 17.6484 91.4139
      vertex 6 17.6483 91.4152
    endloop
  endfacet
  facet normal 1 0 0
    outer loop
      vertex 6 15.1 73.6
      vertex 6 17.6484 91.4139
      vertex 6 15.1 100
    endloop
  endfacet
  facet normal 1 0 0
    outer loop
      vertex 6 22.1 87.51
      vertex 6 15.1 73.6
      vertex 6 29.1 73.6
    endloop
  endfacet
  facet normal 1 0 0
    outer loop
      vertex 6 18.2115 89.755
      vertex 6 15.1 73.6
      vertex 6 18.5378 89.2666
    endloop
  endfacet
  facet normal 1 0 0
    outer loop
      vertex 6 17.9517 90.2817
      vertex 6 15.1 73.6
      vertex 6 18.2115 89.755
    endloop
  endfacet
  facet normal 1 0 0
    outer loop
      vertex 6 17.7634 90.8367
      vertex 6 15.1 73.6
      vertex 6 17.9517 90.2817
    endloop
  endfacet
  facet normal 1 0 0
    outer loop
      vertex 6 17.763 90.8379
      vertex 6 15.1 73.6
      vertex 6 17.7634 90.8367
    endloop
  endfacet
  facet normal 1 0 0
    outer loop
      vertex 6 17.6484 91.4139
      vertex 6 15.1 73.6
      vertex 6 17.763 90.8379
    endloop
  endfacet
  facet normal 1 -0 0
    outer loop
      vertex 6 15.1 64.8273
      vertex 6 29.1 22
      vertex 6 29.1 64.8273
    endloop
  endfacet
  facet normal 1 0 0
    outer loop
      vertex 6 29.1 22
      vertex 6 15.1 64.8273
      vertex 6 15.1 22
    endloop
  endfacet
  facet normal -0 0 1
    outer loop
      vertex 0 29.1 100
      vertex 6 15.1 100
      vertex 6 29.1 100
    endloop
  endfacet
  facet normal 0 0 1
    outer loop
      vertex 6 15.1 100
      vertex 0 29.1 100
      vertex 0 15.1 100
    endloop
  endfacet
  facet normal 1 0 0
    outer loop
      vertex 6 43.1 20
      vertex 6 40.59 10
      vertex 6 43.1 0
    endloop
  endfacet
  facet normal 1 0 0
    outer loop
      vertex 6 43.1 20
      vertex 6 40.5517 10.5848
      vertex 6 40.59 10
    endloop
  endfacet
  facet normal 1 0 0
    outer loop
      vertex 6 43.1 20
      vertex 6 40.5516 10.5861
      vertex 6 40.5517 10.5848
    endloop
  endfacet
  facet normal 1 0 0
    outer loop
      vertex 6 43.1 20
      vertex 6 40.437 11.1621
      vertex 6 40.5516 10.5861
    endloop
  endfacet
  facet normal 1 0 0
    outer loop
      vertex 6 43.1 20
      vertex 6 40.4366 11.1633
      vertex 6 40.437 11.1621
    endloop
  endfacet
  facet normal 1 0 0
    outer loop
      vertex 6 43.1 20
      vertex 6 40.2483 11.7183
      vertex 6 40.4366 11.1633
    endloop
  endfacet
  facet normal 1 0 0
    outer loop
      vertex 6 43.1 20
      vertex 6 39.9885 12.245
      vertex 6 40.2483 11.7183
    endloop
  endfacet
  facet normal 1 0 0
    outer loop
      vertex 6 43.1 20
      vertex 6 39.6622 12.7334
      vertex 6 39.9885 12.245
    endloop
  endfacet
  facet normal 1 0 0
    outer loop
      vertex 6 43.1 20
      vertex 6 39.2749 13.1749
      vertex 6 39.6622 12.7334
    endloop
  endfacet
  facet normal 1 0 0
    outer loop
      vertex 6 43.1 20
      vertex 6 38.8334 13.5622
      vertex 6 39.2749 13.1749
    endloop
  endfacet
  facet normal 1 0 0
    outer loop
      vertex 6 43.1 20
      vertex 6 38.345 13.8885
      vertex 6 38.8334 13.5622
    endloop
  endfacet
  facet normal 1 0 0
    outer loop
      vertex 6 43.1 20
      vertex 6 37.8183 14.1483
      vertex 6 38.345 13.8885
    endloop
  endfacet
  facet normal 1 0 0
    outer loop
      vertex 6 43.1 20
      vertex 6 37.2633 14.3366
      vertex 6 37.8183 14.1483
    endloop
  endfacet
  facet normal 1 0 0
    outer loop
      vertex 6 43.1 20
      vertex 6 37.2621 14.337
      vertex 6 37.2633 14.3366
    endloop
  endfacet
  facet normal 1 0 0
    outer loop
      vertex 6 43.1 20
      vertex 6 36.6861 14.4516
      vertex 6 37.2621 14.337
    endloop
  endfacet
  facet normal 1 0 0
    outer loop
      vertex 6 43.1 20
      vertex 6 36.6848 14.4517
      vertex 6 36.6861 14.4516
    endloop
  endfacet
  facet normal 1 0 0
    outer loop
      vertex 6 43.1 20
      vertex 6 36.1 14.49
      vertex 6 36.6848 14.4517
    endloop
  endfacet
  facet normal 1 -0 0
    outer loop
      vertex 6 29.1 20
      vertex 6 36.1 14.49
      vertex 6 43.1 20
    endloop
  endfacet
  facet normal 1 0 0
    outer loop
      vertex 6 36.1 14.49
      vertex 6 29.1 20
      vertex 6 35.5152 14.4517
    endloop
  endfacet
  facet normal 1 0 0
    outer loop
      vertex 6 35.5152 14.4517
      vertex 6 29.1 20
      vertex 6 35.5139 14.4516
    endloop
  endfacet
  facet normal 1 0 0
    outer loop
      vertex 6 35.5139 14.4516
      vertex 6 29.1 20
      vertex 6 34.9379 14.337
    endloop
  endfacet
  facet normal 1 0 0
    outer loop
      vertex 6 34.9379 14.337
      vertex 6 29.1 20
      vertex 6 34.9367 14.3366
    endloop
  endfacet
  facet normal 1 0 0
    outer loop
      vertex 6 34.9367 14.3366
      vertex 6 29.1 20
      vertex 6 34.3817 14.1483
    endloop
  endfacet
  facet normal 1 0 0
    outer loop
      vertex 6 31.6483 10.5848
      vertex 6 29.1 20
      vertex 6 31.61 10
    endloop
  endfacet
  facet normal 1 0 0
    outer loop
      vertex 6 31.6484 10.5861
      vertex 6 29.1 20
      vertex 6 31.6483 10.5848
    endloop
  endfacet
  facet normal 1 0 0
    outer loop
      vertex 6 31.763 11.1621
      vertex 6 29.1 20
      vertex 6 31.6484 10.5861
    endloop
  endfacet
  facet normal 1 0 0
    outer loop
      vertex 6 31.7634 11.1633
      vertex 6 29.1 20
      vertex 6 31.763 11.1621
    endloop
  endfacet
  facet normal 1 0 0
    outer loop
      vertex 6 31.9517 11.7183
      vertex 6 29.1 20
      vertex 6 31.7634 11.1633
    endloop
  endfacet
  facet normal 1 0 0
    outer loop
      vertex 6 32.2115 12.245
      vertex 6 29.1 20
      vertex 6 31.9517 11.7183
    endloop
  endfacet
  facet normal 1 0 0
    outer loop
      vertex 6 32.5378 12.7334
      vertex 6 29.1 20
      vertex 6 32.2115 12.245
    endloop
  endfacet
  facet normal 1 0 0
    outer loop
      vertex 6 32.9251 13.1749
      vertex 6 29.1 20
      vertex 6 32.5378 12.7334
    endloop
  endfacet
  facet normal 1 0 0
    outer loop
      vertex 6 33.3666 13.5622
      vertex 6 29.1 20
      vertex 6 32.9251 13.1749
    endloop
  endfacet
  facet normal 1 0 0
    outer loop
      vertex 6 33.855 13.8885
      vertex 6 29.1 20
      vertex 6 33.3666 13.5622
    endloop
  endfacet
  facet normal 1 0 0
    outer loop
      vertex 6 34.3817 14.1483
      vertex 6 29.1 20
      vertex 6 33.855 13.8885
    endloop
  endfacet
  facet normal 1 -0 0
    outer loop
      vertex 6 40.5517 9.41523
      vertex 6 43.1 0
      vertex 6 40.59 10
    endloop
  endfacet
  facet normal 1 -0 0
    outer loop
      vertex 6 40.5516 9.41393
      vertex 6 43.1 0
      vertex 6 40.5517 9.41523
    endloop
  endfacet
  facet normal 1 -0 0
    outer loop
      vertex 6 40.437 8.83789
      vertex 6 43.1 0
      vertex 6 40.5516 9.41393
    endloop
  endfacet
  facet normal 1 -0 0
    outer loop
      vertex 6 40.4366 8.83666
      vertex 6 43.1 0
      vertex 6 40.437 8.83789
    endloop
  endfacet
  facet normal 1 -0 0
    outer loop
      vertex 6 40.2483 8.28174
      vertex 6 43.1 0
      vertex 6 40.4366 8.83666
    endloop
  endfacet
  facet normal 1 -0 0
    outer loop
      vertex 6 39.9885 7.75498
      vertex 6 43.1 0
      vertex 6 40.2483 8.28174
    endloop
  endfacet
  facet normal 1 -0 0
    outer loop
      vertex 6 39.6622 7.26663
      vertex 6 43.1 0
      vertex 6 39.9885 7.75498
    endloop
  endfacet
  facet normal 1 -0 0
    outer loop
      vertex 6 39.2749 6.82506
      vertex 6 43.1 0
      vertex 6 39.6622 7.26663
    endloop
  endfacet
  facet normal 1 -0 0
    outer loop
      vertex 6 38.8334 6.43781
      vertex 6 43.1 0
      vertex 6 39.2749 6.82506
    endloop
  endfacet
  facet normal 1 -0 0
    outer loop
      vertex 6 38.345 6.11151
      vertex 6 43.1 0
      vertex 6 38.8334 6.43781
    endloop
  endfacet
  facet normal 1 -0 0
    outer loop
      vertex 6 37.8183 5.85174
      vertex 6 43.1 0
      vertex 6 38.345 6.11151
    endloop
  endfacet
  facet normal 1 -0 0
    outer loop
      vertex 6 37.2633 5.66337
      vertex 6 43.1 0
      vertex 6 37.8183 5.85174
    endloop
  endfacet
  facet normal 1 -0 0
    outer loop
      vertex 6 37.2621 5.66295
      vertex 6 43.1 0
      vertex 6 37.2633 5.66337
    endloop
  endfacet
  facet normal 1 -0 0
    outer loop
      vertex 6 36.6861 5.54837
      vertex 6 43.1 0
      vertex 6 37.2621 5.66295
    endloop
  endfacet
  facet normal 1 -0 0
    outer loop
      vertex 6 36.6848 5.54828
      vertex 6 43.1 0
      vertex 6 36.6861 5.54837
    endloop
  endfacet
  facet normal 1 -0 0
    outer loop
      vertex 6 36.1 5.50995
      vertex 6 43.1 0
      vertex 6 36.6848 5.54828
    endloop
  endfacet
  facet normal 1 0 0
    outer loop
      vertex 6 29.1 0
      vertex 6 36.1 5.50995
      vertex 6 35.5152 5.54828
    endloop
  endfacet
  facet normal 1 0 0
    outer loop
      vertex 6 29.1 0
      vertex 6 35.5152 5.54828
      vertex 6 35.5139 5.54837
    endloop
  endfacet
  facet normal 1 0 0
    outer loop
      vertex 6 29.1 0
      vertex 6 35.5139 5.54837
      vertex 6 34.9379 5.66295
    endloop
  endfacet
  facet normal 1 0 0
    outer loop
      vertex 6 29.1 0
      vertex 6 34.9379 5.66295
      vertex 6 34.9367 5.66337
    endloop
  endfacet
  facet normal 1 0 0
    outer loop
      vertex 6 29.1 0
      vertex 6 34.9367 5.66337
      vertex 6 34.3817 5.85174
    endloop
  endfacet
  facet normal 1 0 0
    outer loop
      vertex 6 29.1 0
      vertex 6 34.3817 5.85174
      vertex 6 33.855 6.11151
    endloop
  endfacet
  facet normal 1 0 0
    outer loop
      vertex 6 29.1 0
      vertex 6 31.61 10
      vertex 6 29.1 20
    endloop
  endfacet
  facet normal 1 0 0
    outer loop
      vertex 6 31.61 10
      vertex 6 29.1 0
      vertex 6 31.6483 9.41523
    endloop
  endfacet
  facet normal 1 0 0
    outer loop
      vertex 6 31.6483 9.41523
      vertex 6 29.1 0
      vertex 6 31.6484 9.41393
    endloop
  endfacet
  facet normal 1 0 0
    outer loop
      vertex 6 36.1 5.50995
      vertex 6 29.1 0
      vertex 6 43.1 0
    endloop
  endfacet
  facet normal 1 0 0
    outer loop
      vertex 6 33.3666 6.43781
      vertex 6 29.1 0
      vertex 6 33.855 6.11151
    endloop
  endfacet
  facet normal 1 0 0
    outer loop
      vertex 6 32.9251 6.82506
      vertex 6 29.1 0
      vertex 6 33.3666 6.43781
    endloop
  endfacet
  facet normal 1 0 0
    outer loop
      vertex 6 32.5378 7.26663
      vertex 6 29.1 0
      vertex 6 32.9251 6.82506
    endloop
  endfacet
  facet normal 1 0 0
    outer loop
      vertex 6 32.2115 7.75498
      vertex 6 29.1 0
      vertex 6 32.5378 7.26663
    endloop
  endfacet
  facet normal 1 0 0
    outer loop
      vertex 6 31.9517 8.28174
      vertex 6 29.1 0
      vertex 6 32.2115 7.75498
    endloop
  endfacet
  facet normal 1 0 0
    outer loop
      vertex 6 31.7634 8.83666
      vertex 6 29.1 0
      vertex 6 31.9517 8.28174
    endloop
  endfacet
  facet normal 1 0 0
    outer loop
      vertex 6 31.763 8.83789
      vertex 6 29.1 0
      vertex 6 31.7634 8.83666
    endloop
  endfacet
  facet normal 1 0 0
    outer loop
      vertex 6 31.6484 9.41393
      vertex 6 29.1 0
      vertex 6 31.763 8.83789
    endloop
  endfacet
  facet normal -0 0 1
    outer loop
      vertex 0 43.1 20
      vertex 6 29.1 20
      vertex 6 43.1 20
    endloop
  endfacet
  facet normal 0 0 1
    outer loop
      vertex 6 29.1 20
      vertex 0 43.1 20
      vertex 0 29.1 20
    endloop
  endfacet
  facet normal 0 1 -0
    outer loop
      vertex 6 43.1 0
      vertex 0 43.1 20
      vertex 6 43.1 20
    endloop
  endfacet
  facet normal 0 1 0
    outer loop
      vertex 0 43.1 20
      vertex 6 43.1 0
      vertex 0 43.1 0
    endloop
  endfacet
  facet normal 0.729537 -0 0.683941
    outer loop
      vertex 6 15.1 73.6
      vertex 60 29.1 16
      vertex 6 29.1 73.6
    endloop
  endfacet
  facet normal 0.729537 0 0.683941
    outer loop
      vertex 60 29.1 16
      vertex 6 15.1 73.6
      vertex 60 15.1 16
    endloop
  endfacet
  facet normal -0 0 1
    outer loop
      vertex 6 29.1 22
      vertex 46.1506 15.1 22
      vertex 46.1506 29.1 22
    endloop
  endfacet
  facet normal 0 0 1
    outer loop
      vertex 46.1506 15.1 22
      vertex 6 29.1 22
      vertex 6 15.1 22
    endloop
  endfacet
  facet normal -0.729537 0 -0.683941
    outer loop
      vertex 46.1506 15.1 22
      vertex 6 29.1 64.8273
      vertex 46.1506 29.1 22
    endloop
  endfacet
  facet normal -0.729537 -0 -0.683941
    outer loop
      vertex 6 29.1 64.8273
      vertex 46.1506 15.1 22
      vertex 6 15.1 64.8273
    endloop
  endfacet
  facet normal 0 0.0652336 -0.99787
    outer loop
      vertex 0 35.8063 12.2308
      vertex 3.75 36.1 12.25
      vertex 3.75 35.8063 12.2308
    endloop
  endfacet
  facet normal 0 0.0652336 -0.99787
    outer loop
      vertex 3.75 36.1 12.25
      vertex 0 35.8063 12.2308
      vertex 0 36.1 12.25
    endloop
  endfacet
  facet normal 0 -0.0652336 -0.99787
    outer loop
      vertex 0 36.1 12.25
      vertex 3.75 36.3937 12.2308
      vertex 3.75 36.1 12.25
    endloop
  endfacet
  facet normal -0 -0.0652336 -0.99787
    outer loop
      vertex 3.75 36.3937 12.2308
      vertex 0 36.1 12.25
      vertex 0 36.3937 12.2308
    endloop
  endfacet
  facet normal 0 0.751936 0.659236
    outer loop
      vertex 3.75 34.509 8.40901
      vertex 0 34.315 8.63029
      vertex 3.75 34.315 8.63029
    endloop
  endfacet
  facet normal 0 0.751936 0.659236
    outer loop
      vertex 0 34.315 8.63029
      vertex 3.75 34.509 8.40901
      vertex 0 34.509 8.40901
    endloop
  endfacet
  facet normal 0 0.980797 0.195031
    outer loop
      vertex 3.75 33.9267 9.41766
      vertex 0 33.8693 9.70632
      vertex 3.75 33.8693 9.70632
    endloop
  endfacet
  facet normal 0 0.980797 0.195031
    outer loop
      vertex 0 33.8693 9.70632
      vertex 3.75 33.9267 9.41766
      vertex 0 33.9267 9.41766
    endloop
  endfacet
  facet normal 0 -0.659202 -0.751966
    outer loop
      vertex 0 37.4697 11.785
      vertex 3.75 37.691 11.591
      vertex 3.75 37.4697 11.785
    endloop
  endfacet
  facet normal -0 -0.659202 -0.751966
    outer loop
      vertex 3.75 37.691 11.591
      vertex 0 37.4697 11.785
      vertex 0 37.691 11.591
    endloop
  endfacet
  facet normal 0 -0.555797 -0.831318
    outer loop
      vertex 0 37.225 11.9486
      vertex 3.75 37.4697 11.785
      vertex 3.75 37.225 11.9486
    endloop
  endfacet
  facet normal -0 -0.555797 -0.831318
    outer loop
      vertex 3.75 37.4697 11.785
      vertex 0 37.225 11.9486
      vertex 0 37.4697 11.785
    endloop
  endfacet
  facet normal 0 -0.195397 -0.980724
    outer loop
      vertex 0 36.3937 12.2308
      vertex 3.75 36.6823 12.1733
      vertex 3.75 36.3937 12.2308
    endloop
  endfacet
  facet normal -0 -0.195397 -0.980724
    outer loop
      vertex 3.75 36.6823 12.1733
      vertex 0 36.3937 12.2308
      vertex 0 36.6823 12.1733
    endloop
  endfacet
  facet normal 0 -0.195136 0.980776
    outer loop
      vertex 0 36.6823 7.82667
      vertex 3.75 36.3937 7.76925
      vertex 3.75 36.6823 7.82667
    endloop
  endfacet
  facet normal 0 -0.195136 0.980776
    outer loop
      vertex 3.75 36.3937 7.76925
      vertex 0 36.6823 7.82667
      vertex 0 36.3937 7.76925
    endloop
  endfacet
  facet normal 0 0.946936 -0.321421
    outer loop
      vertex 3.75 33.9267 10.5823
      vertex 0 34.0213 10.861
      vertex 3.75 34.0213 10.861
    endloop
  endfacet
  facet normal 0 0.946936 -0.321421
    outer loop
      vertex 0 34.0213 10.861
      vertex 3.75 33.9267 10.5823
      vertex 0 33.9267 10.5823
    endloop
  endfacet
  facet normal 0 -0.751966 -0.659202
    outer loop
      vertex 0 37.885 11.3697
      vertex 3.75 37.691 11.591
      vertex 0 37.691 11.591
    endloop
  endfacet
  facet normal 0 -0.751966 -0.659202
    outer loop
      vertex 3.75 37.691 11.591
      vertex 0 37.885 11.3697
      vertex 3.75 37.885 11.3697
    endloop
  endfacet
  facet normal 0 0.896968 0.442096
    outer loop
      vertex 3.75 34.1514 8.875
      vertex 0 34.0213 9.13896
      vertex 3.75 34.0213 9.13896
    endloop
  endfacet
  facet normal 0 0.896968 0.442096
    outer loop
      vertex 0 34.0213 9.13896
      vertex 3.75 34.1514 8.875
      vertex 0 34.1514 8.875
    endloop
  endfacet
  facet normal 0 0.659202 -0.751966
    outer loop
      vertex 0 34.509 11.591
      vertex 3.75 34.7303 11.785
      vertex 3.75 34.509 11.591
    endloop
  endfacet
  facet normal 0 0.659202 -0.751966
    outer loop
      vertex 3.75 34.7303 11.785
      vertex 0 34.509 11.591
      vertex 0 34.7303 11.785
    endloop
  endfacet
  facet normal 0 -0.946936 -0.321421
    outer loop
      vertex 0 38.2733 10.5823
      vertex 3.75 38.1787 10.861
      vertex 0 38.1787 10.861
    endloop
  endfacet
  facet normal 0 -0.946936 -0.321421
    outer loop
      vertex 3.75 38.1787 10.861
      vertex 0 38.2733 10.5823
      vertex 3.75 38.2733 10.5823
    endloop
  endfacet
  facet normal 0 -0.442042 -0.896995
    outer loop
      vertex 0 36.961 12.0787
      vertex 3.75 37.225 11.9486
      vertex 3.75 36.961 12.0787
    endloop
  endfacet
  facet normal -0 -0.442042 -0.896995
    outer loop
      vertex 3.75 37.225 11.9486
      vertex 0 36.961 12.0787
      vertex 0 37.225 11.9486
    endloop
  endfacet
  facet normal 0 -0.980789 -0.19507
    outer loop
      vertex 0 38.3307 10.2937
      vertex 3.75 38.2733 10.5823
      vertex 0 38.2733 10.5823
    endloop
  endfacet
  facet normal 0 -0.980789 -0.19507
    outer loop
      vertex 3.75 38.2733 10.5823
      vertex 0 38.3307 10.2937
      vertex 3.75 38.3307 10.2937
    endloop
  endfacet
  facet normal 0 -0.896968 0.442096
    outer loop
      vertex 0 38.0486 8.875
      vertex 3.75 38.1787 9.13896
      vertex 0 38.1787 9.13896
    endloop
  endfacet
  facet normal 0 -0.896968 0.442096
    outer loop
      vertex 3.75 38.1787 9.13896
      vertex 0 38.0486 8.875
      vertex 3.75 38.0486 8.875
    endloop
  endfacet
  facet normal 0 -0.0654027 0.997859
    outer loop
      vertex 0 36.3937 7.76925
      vertex 3.75 36.1 7.75
      vertex 3.75 36.3937 7.76925
    endloop
  endfacet
  facet normal 0 -0.0654027 0.997859
    outer loop
      vertex 3.75 36.1 7.75
      vertex 0 36.3937 7.76925
      vertex 0 36.1 7.75
    endloop
  endfacet
  facet normal 0 -0.831318 -0.555797
    outer loop
      vertex 0 38.0486 11.125
      vertex 3.75 37.885 11.3697
      vertex 0 37.885 11.3697
    endloop
  endfacet
  facet normal 0 -0.831318 -0.555797
    outer loop
      vertex 3.75 37.885 11.3697
      vertex 0 38.0486 11.125
      vertex 3.75 38.0486 11.125
    endloop
  endfacet
  facet normal 0 -0.321421 -0.946936
    outer loop
      vertex 0 36.6823 12.1733
      vertex 3.75 36.961 12.0787
      vertex 3.75 36.6823 12.1733
    endloop
  endfacet
  facet normal -0 -0.321421 -0.946936
    outer loop
      vertex 3.75 36.961 12.0787
      vertex 0 36.6823 12.1733
      vertex 0 36.961 12.0787
    endloop
  endfacet
  facet normal 0 0.751966 -0.659202
    outer loop
      vertex 3.75 34.315 11.3697
      vertex 0 34.509 11.591
      vertex 3.75 34.509 11.591
    endloop
  endfacet
  facet normal 0 0.751966 -0.659202
    outer loop
      vertex 0 34.509 11.591
      vertex 3.75 34.315 11.3697
      vertex 0 34.315 11.3697
    endloop
  endfacet
  facet normal -0 0.555609 0.831443
    outer loop
      vertex 0 34.975 8.05144
      vertex 3.75 34.7303 8.21496
      vertex 3.75 34.975 8.05144
    endloop
  endfacet
  facet normal 0 0.555609 0.831443
    outer loop
      vertex 3.75 34.7303 8.21496
      vertex 0 34.975 8.05144
      vertex 0 34.7303 8.21496
    endloop
  endfacet
  facet normal 0 -0.896995 -0.442042
    outer loop
      vertex 0 38.1787 10.861
      vertex 3.75 38.0486 11.125
      vertex 0 38.0486 11.125
    endloop
  endfacet
  facet normal 0 -0.896995 -0.442042
    outer loop
      vertex 3.75 38.0486 11.125
      vertex 0 38.1787 10.861
      vertex 3.75 38.1787 10.861
    endloop
  endfacet
  facet normal 0 0.896995 -0.442042
    outer loop
      vertex 3.75 34.0213 10.861
      vertex 0 34.1514 11.125
      vertex 3.75 34.1514 11.125
    endloop
  endfacet
  facet normal 0 0.896995 -0.442042
    outer loop
      vertex 0 34.1514 11.125
      vertex 3.75 34.0213 10.861
      vertex 0 34.0213 10.861
    endloop
  endfacet
  facet normal 0 0.195397 -0.980724
    outer loop
      vertex 0 35.5177 12.1733
      vertex 3.75 35.8063 12.2308
      vertex 3.75 35.5177 12.1733
    endloop
  endfacet
  facet normal 0 0.195397 -0.980724
    outer loop
      vertex 3.75 35.8063 12.2308
      vertex 0 35.5177 12.1733
      vertex 0 35.8063 12.2308
    endloop
  endfacet
  facet normal 0 0.555797 -0.831318
    outer loop
      vertex 0 34.7303 11.785
      vertex 3.75 34.975 11.9486
      vertex 3.75 34.7303 11.785
    endloop
  endfacet
  facet normal 0 0.555797 -0.831318
    outer loop
      vertex 3.75 34.975 11.9486
      vertex 0 34.7303 11.785
      vertex 0 34.975 11.9486
    endloop
  endfacet
  facet normal 0 0.321421 -0.946936
    outer loop
      vertex 0 35.239 12.0787
      vertex 3.75 35.5177 12.1733
      vertex 3.75 35.239 12.0787
    endloop
  endfacet
  facet normal 0 0.321421 -0.946936
    outer loop
      vertex 3.75 35.5177 12.1733
      vertex 0 35.239 12.0787
      vertex 0 35.5177 12.1733
    endloop
  endfacet
  facet normal 0 -0.831328 0.555782
    outer loop
      vertex 0 37.885 8.63029
      vertex 3.75 38.0486 8.875
      vertex 0 38.0486 8.875
    endloop
  endfacet
  facet normal 0 -0.831328 0.555782
    outer loop
      vertex 3.75 38.0486 8.875
      vertex 0 37.885 8.63029
      vertex 3.75 37.885 8.63029
    endloop
  endfacet
  facet normal 0 0.442042 -0.896995
    outer loop
      vertex 0 34.975 11.9486
      vertex 3.75 35.239 12.0787
      vertex 3.75 34.975 11.9486
    endloop
  endfacet
  facet normal 0 0.442042 -0.896995
    outer loop
      vertex 3.75 35.239 12.0787
      vertex 0 34.975 11.9486
      vertex 0 35.239 12.0787
    endloop
  endfacet
  facet normal 0 0.946936 0.321421
    outer loop
      vertex 3.75 34.0213 9.13896
      vertex 0 33.9267 9.41766
      vertex 3.75 33.9267 9.41766
    endloop
  endfacet
  facet normal 0 0.946936 0.321421
    outer loop
      vertex 0 33.9267 9.41766
      vertex 3.75 34.0213 9.13896
      vertex 0 34.0213 9.13896
    endloop
  endfacet
  facet normal -0 0.321421 0.946936
    outer loop
      vertex 0 35.5177 7.82667
      vertex 3.75 35.239 7.92127
      vertex 3.75 35.5177 7.82667
    endloop
  endfacet
  facet normal 0 0.321421 0.946936
    outer loop
      vertex 3.75 35.239 7.92127
      vertex 0 35.5177 7.82667
      vertex 0 35.239 7.92127
    endloop
  endfacet
  facet normal 0 0.980789 -0.19507
    outer loop
      vertex 3.75 33.8693 10.2937
      vertex 0 33.9267 10.5823
      vertex 3.75 33.9267 10.5823
    endloop
  endfacet
  facet normal 0 0.980789 -0.19507
    outer loop
      vertex 0 33.9267 10.5823
      vertex 3.75 33.8693 10.2937
      vertex 0 33.8693 10.2937
    endloop
  endfacet
  facet normal 0 0.831318 -0.555797
    outer loop
      vertex 3.75 34.1514 11.125
      vertex 0 34.315 11.3697
      vertex 3.75 34.315 11.3697
    endloop
  endfacet
  facet normal 0 0.831318 -0.555797
    outer loop
      vertex 0 34.315 11.3697
      vertex 3.75 34.1514 11.125
      vertex 0 34.1514 11.125
    endloop
  endfacet
  facet normal 0 -0.997848 0.0655763
    outer loop
      vertex 0 38.3307 9.70632
      vertex 3.75 38.35 10
      vertex 0 38.35 10
    endloop
  endfacet
  facet normal 0 -0.997848 0.0655763
    outer loop
      vertex 3.75 38.35 10
      vertex 0 38.3307 9.70632
      vertex 3.75 38.3307 9.70632
    endloop
  endfacet
  facet normal 0 -0.946936 0.321421
    outer loop
      vertex 0 38.1787 9.13896
      vertex 3.75 38.2733 9.41766
      vertex 0 38.2733 9.41766
    endloop
  endfacet
  facet normal 0 -0.946936 0.321421
    outer loop
      vertex 3.75 38.2733 9.41766
      vertex 0 38.1787 9.13896
      vertex 3.75 38.1787 9.13896
    endloop
  endfacet
  facet normal 0 -0.555609 0.831443
    outer loop
      vertex 0 37.4697 8.21496
      vertex 3.75 37.225 8.05144
      vertex 3.75 37.4697 8.21496
    endloop
  endfacet
  facet normal 0 -0.555609 0.831443
    outer loop
      vertex 3.75 37.225 8.05144
      vertex 0 37.4697 8.21496
      vertex 0 37.225 8.05144
    endloop
  endfacet
  facet normal 0 -0.321421 0.946936
    outer loop
      vertex 0 36.961 7.92127
      vertex 3.75 36.6823 7.82667
      vertex 3.75 36.961 7.92127
    endloop
  endfacet
  facet normal 0 -0.321421 0.946936
    outer loop
      vertex 3.75 36.6823 7.82667
      vertex 0 36.961 7.92127
      vertex 0 36.6823 7.82667
    endloop
  endfacet
  facet normal 0 -0.997848 -0.0655719
    outer loop
      vertex 0 38.35 10
      vertex 3.75 38.3307 10.2937
      vertex 0 38.3307 10.2937
    endloop
  endfacet
  facet normal 0 -0.997848 -0.0655719
    outer loop
      vertex 3.75 38.3307 10.2937
      vertex 0 38.35 10
      vertex 3.75 38.35 10
    endloop
  endfacet
  facet normal 0 -0.442233 0.8969
    outer loop
      vertex 0 37.225 8.05144
      vertex 3.75 36.961 7.92127
      vertex 3.75 37.225 8.05144
    endloop
  endfacet
  facet normal 0 -0.442233 0.8969
    outer loop
      vertex 3.75 36.961 7.92127
      vertex 0 37.225 8.05144
      vertex 0 36.961 7.92127
    endloop
  endfacet
  facet normal -0 0.442233 0.8969
    outer loop
      vertex 0 35.239 7.92127
      vertex 3.75 34.975 8.05144
      vertex 3.75 35.239 7.92127
    endloop
  endfacet
  facet normal 0 0.442233 0.8969
    outer loop
      vertex 3.75 34.975 8.05144
      vertex 0 35.239 7.92127
      vertex 0 34.975 8.05144
    endloop
  endfacet
  facet normal -0 0.195136 0.980776
    outer loop
      vertex 0 35.8063 7.76925
      vertex 3.75 35.5177 7.82667
      vertex 3.75 35.8063 7.76925
    endloop
  endfacet
  facet normal 0 0.195136 0.980776
    outer loop
      vertex 3.75 35.5177 7.82667
      vertex 0 35.8063 7.76925
      vertex 0 35.5177 7.82667
    endloop
  endfacet
  facet normal 0 0.997848 0.0655763
    outer loop
      vertex 3.75 33.8693 9.70632
      vertex 0 33.85 10
      vertex 3.75 33.85 10
    endloop
  endfacet
  facet normal 0 0.997848 0.0655763
    outer loop
      vertex 0 33.85 10
      vertex 3.75 33.8693 9.70632
      vertex 0 33.8693 9.70632
    endloop
  endfacet
  facet normal -0 0.0654027 0.997859
    outer loop
      vertex 0 36.1 7.75
      vertex 3.75 35.8063 7.76925
      vertex 3.75 36.1 7.75
    endloop
  endfacet
  facet normal 0 0.0654027 0.997859
    outer loop
      vertex 3.75 35.8063 7.76925
      vertex 0 36.1 7.75
      vertex 0 35.8063 7.76925
    endloop
  endfacet
  facet normal 0 0.997848 -0.0655719
    outer loop
      vertex 3.75 33.85 10
      vertex 0 33.8693 10.2937
      vertex 3.75 33.8693 10.2937
    endloop
  endfacet
  facet normal 0 0.997848 -0.0655719
    outer loop
      vertex 0 33.8693 10.2937
      vertex 3.75 33.85 10
      vertex 0 33.85 10
    endloop
  endfacet
  facet normal 0 -0.659298 0.751882
    outer loop
      vertex 0 37.691 8.40901
      vertex 3.75 37.4697 8.21496
      vertex 3.75 37.691 8.40901
    endloop
  endfacet
  facet normal 0 -0.659298 0.751882
    outer loop
      vertex 3.75 37.4697 8.21496
      vertex 0 37.691 8.40901
      vertex 0 37.4697 8.21496
    endloop
  endfacet
  facet normal 0 -0.751936 0.659236
    outer loop
      vertex 0 37.691 8.40901
      vertex 3.75 37.885 8.63029
      vertex 0 37.885 8.63029
    endloop
  endfacet
  facet normal 0 -0.751936 0.659236
    outer loop
      vertex 3.75 37.885 8.63029
      vertex 0 37.691 8.40901
      vertex 3.75 37.691 8.40901
    endloop
  endfacet
  facet normal 0 -0.980797 0.195031
    outer loop
      vertex 0 38.2733 9.41766
      vertex 3.75 38.3307 9.70632
      vertex 0 38.3307 9.70632
    endloop
  endfacet
  facet normal 0 -0.980797 0.195031
    outer loop
      vertex 3.75 38.3307 9.70632
      vertex 0 38.2733 9.41766
      vertex 3.75 38.2733 9.41766
    endloop
  endfacet
  facet normal -0 0.659298 0.751882
    outer loop
      vertex 0 34.7303 8.21496
      vertex 3.75 34.509 8.40901
      vertex 3.75 34.7303 8.21496
    endloop
  endfacet
  facet normal 0 0.659298 0.751882
    outer loop
      vertex 3.75 34.509 8.40901
      vertex 0 34.7303 8.21496
      vertex 0 34.509 8.40901
    endloop
  endfacet
  facet normal 0 0.831328 0.555782
    outer loop
      vertex 3.75 34.315 8.63029
      vertex 0 34.1514 8.875
      vertex 3.75 34.1514 8.875
    endloop
  endfacet
  facet normal 0 0.831328 0.555782
    outer loop
      vertex 0 34.1514 8.875
      vertex 3.75 34.315 8.63029
      vertex 0 34.315 8.63029
    endloop
  endfacet
  facet normal 0.704799 0.313588 -0.636335
    outer loop
      vertex 6 34.3817 14.1483
      vertex 3.75 34.975 11.9486
      vertex 3.75 35.239 12.0787
    endloop
  endfacet
  facet normal 0.704773 0.313833 -0.636242
    outer loop
      vertex 3.75 34.975 11.9486
      vertex 6 34.3817 14.1483
      vertex 6 33.855 13.8885
    endloop
  endfacet
  facet normal 0.70478 -0.695789 -0.138433
    outer loop
      vertex 6 40.437 11.1621
      vertex 3.75 38.3307 10.2937
      vertex 6 40.5516 10.5861
    endloop
  endfacet
  facet normal 0.704775 -0.695802 -0.138389
    outer loop
      vertex 3.75 38.3307 10.2937
      vertex 6 40.437 11.1621
      vertex 3.75 38.2733 10.5823
    endloop
  endfacet
  facet normal 0.704771 -0.0463633 -0.707918
    outer loop
      vertex 3.75 36.1 12.25
      vertex 6 36.6848 14.4517
      vertex 6 36.1 14.49
    endloop
  endfacet
  facet normal 0.704763 -0.0462795 -0.707932
    outer loop
      vertex 3.75 36.3937 12.2308
      vertex 6 36.6848 14.4517
      vertex 3.75 36.1 12.25
    endloop
  endfacet
  facet normal 0.705005 -0.0543933 -0.707113
    outer loop
      vertex 6 36.6848 14.4517
      vertex 3.75 36.3937 12.2308
      vertex 6 36.6861 14.4516
    endloop
  endfacet
  facet normal 0.704758 0.138624 -0.695773
    outer loop
      vertex 6 35.5139 14.4516
      vertex 3.75 35.5177 12.1733
      vertex 3.75 35.8063 12.2308
    endloop
  endfacet
  facet normal 0.704777 0.138434 -0.695791
    outer loop
      vertex 3.75 35.5177 12.1733
      vertex 6 35.5139 14.4516
      vertex 6 34.9379 14.337
    endloop
  endfacet
  facet normal 0.704762 0.533478 -0.467667
    outer loop
      vertex 6 32.9251 13.1749
      vertex 3.75 34.315 11.3697
      vertex 3.75 34.509 11.591
    endloop
  endfacet
  facet normal 0.704785 0.533302 -0.467832
    outer loop
      vertex 3.75 34.315 11.3697
      vertex 6 32.9251 13.1749
      vertex 6 32.5378 12.7334
    endloop
  endfacet
  facet normal 0.705021 -0.707098 -0.0543921
    outer loop
      vertex 3.75 38.3307 10.2937
      vertex 6 40.5517 10.5848
      vertex 6 40.5516 10.5861
    endloop
  endfacet
  facet normal 0.704787 -0.707892 -0.046518
    outer loop
      vertex 6 40.5517 10.5848
      vertex 3.75 38.3307 10.2937
      vertex 3.75 38.35 10
    endloop
  endfacet
  facet normal 0.704785 -0.671798 0.22796
    outer loop
      vertex 3.75 38.1787 9.13896
      vertex 6 40.2483 8.28174
      vertex 6 40.4366 8.83666
    endloop
  endfacet
  facet normal 0.704788 0.22793 -0.671805
    outer loop
      vertex 3.75 35.239 12.0787
      vertex 6 34.9367 14.3366
      vertex 6 34.3817 14.1483
    endloop
  endfacet
  facet normal 0.704785 -0.636245 0.313798
    outer loop
      vertex 3.75 38.1787 9.13896
      vertex 6 39.9885 7.75498
      vertex 6 40.2483 8.28174
    endloop
  endfacet
  facet normal 0.704767 -0.636344 0.31364
    outer loop
      vertex 6 39.9885 7.75498
      vertex 3.75 38.1787 9.13896
      vertex 3.75 38.0486 8.875
    endloop
  endfacet
  facet normal 0.704899 0.224303 -0.672908
    outer loop
      vertex 6 34.9367 14.3366
      vertex 3.75 35.5177 12.1733
      vertex 6 34.9379 14.337
    endloop
  endfacet
  facet normal 0.704778 0.228025 -0.671783
    outer loop
      vertex 3.75 35.5177 12.1733
      vertex 6 34.9367 14.3366
      vertex 3.75 35.239 12.0787
    endloop
  endfacet
  facet normal 0.70478 0.228008 0.671787
    outer loop
      vertex 3.75 35.239 7.92127
      vertex 6 34.3817 5.85174
      vertex 6 34.9367 5.66337
    endloop
  endfacet
  facet normal 0.704784 0.46772 0.533401
    outer loop
      vertex 3.75 34.509 8.40901
      vertex 6 33.3666 6.43781
      vertex 3.75 34.7303 8.21496
    endloop
  endfacet
  facet normal 0.704774 0.467805 0.53334
    outer loop
      vertex 6 33.3666 6.43781
      vertex 3.75 34.509 8.40901
      vertex 6 32.9251 6.82506
    endloop
  endfacet
  facet normal 0.704778 -0.046399 0.707909
    outer loop
      vertex 3.75 36.1 7.75
      vertex 6 36.1 5.50995
      vertex 6 36.6848 5.54828
    endloop
  endfacet
  facet normal 0.705044 -0.674398 0.219317
    outer loop
      vertex 3.75 38.2733 9.41766
      vertex 6 40.4366 8.83666
      vertex 6 40.437 8.83789
    endloop
  endfacet
  facet normal 0.704778 -0.671783 0.228025
    outer loop
      vertex 6 40.4366 8.83666
      vertex 3.75 38.2733 9.41766
      vertex 3.75 38.1787 9.13896
    endloop
  endfacet
  facet normal 0.704788 0.671805 -0.22793
    outer loop
      vertex 3.75 34.0213 10.861
      vertex 6 31.9517 11.7183
      vertex 6 31.7634 11.1633
    endloop
  endfacet
  facet normal 0.704777 0.138435 0.695791
    outer loop
      vertex 3.75 35.5177 7.82667
      vertex 6 35.5139 5.54837
      vertex 3.75 35.8063 7.76925
    endloop
  endfacet
  facet normal 0.704779 0.13841 0.695794
    outer loop
      vertex 6 35.5139 5.54837
      vertex 3.75 35.5177 7.82667
      vertex 6 34.9379 5.66295
    endloop
  endfacet
  facet normal 0.705005 0.0543933 -0.707113
    outer loop
      vertex 3.75 35.8063 12.2308
      vertex 6 35.5152 14.4517
      vertex 6 35.5139 14.4516
    endloop
  endfacet
  facet normal 0.704763 0.0462795 -0.707932
    outer loop
      vertex 6 35.5152 14.4517
      vertex 3.75 35.8063 12.2308
      vertex 3.75 36.1 12.25
    endloop
  endfacet
  facet normal 0.704771 0.0463633 -0.707918
    outer loop
      vertex 3.75 36.1 12.25
      vertex 6 36.1 14.49
      vertex 6 35.5152 14.4517
    endloop
  endfacet
  facet normal 0.704793 0.467646 -0.533454
    outer loop
      vertex 6 33.3666 13.5622
      vertex 3.75 34.509 11.591
      vertex 3.75 34.7303 11.785
    endloop
  endfacet
  facet normal 0.704769 0.467842 -0.533314
    outer loop
      vertex 3.75 34.509 11.591
      vertex 6 33.3666 13.5622
      vertex 6 32.9251 13.1749
    endloop
  endfacet
  facet normal 0.704779 -0.13841 0.695794
    outer loop
      vertex 3.75 36.6823 7.82667
      vertex 6 36.6861 5.54837
      vertex 6 37.2621 5.66295
    endloop
  endfacet
  facet normal 0.704777 -0.138435 0.695791
    outer loop
      vertex 6 36.6861 5.54837
      vertex 3.75 36.6823 7.82667
      vertex 3.75 36.3937 7.76925
    endloop
  endfacet
  facet normal 0.704774 0.394167 0.589853
    outer loop
      vertex 3.75 34.7303 8.21496
      vertex 6 33.855 6.11151
      vertex 3.75 34.975 8.05144
    endloop
  endfacet
  facet normal 0.704781 0.394103 0.589887
    outer loop
      vertex 6 33.855 6.11151
      vertex 3.75 34.7303 8.21496
      vertex 6 33.3666 6.43781
    endloop
  endfacet
  facet normal 0.704767 0.636344 0.31364
    outer loop
      vertex 3.75 34.0213 9.13896
      vertex 6 32.2115 7.75498
      vertex 3.75 34.1514 8.875
    endloop
  endfacet
  facet normal 0.704785 0.636245 0.313798
    outer loop
      vertex 6 32.2115 7.75498
      vertex 3.75 34.0213 9.13896
      vertex 6 31.9517 8.28174
    endloop
  endfacet
  facet normal 0.704781 -0.394103 0.589887
    outer loop
      vertex 3.75 37.4697 8.21496
      vertex 6 38.345 6.11151
      vertex 6 38.8334 6.43781
    endloop
  endfacet
  facet normal 0.704774 -0.394167 0.589853
    outer loop
      vertex 6 38.345 6.11151
      vertex 3.75 37.4697 8.21496
      vertex 3.75 37.225 8.05144
    endloop
  endfacet
  facet normal 0.704778 0.228025 0.671783
    outer loop
      vertex 6 34.9367 5.66337
      vertex 3.75 35.5177 7.82667
      vertex 3.75 35.239 7.92127
    endloop
  endfacet
  facet normal 0.704545 0.234436 0.669818
    outer loop
      vertex 3.75 35.5177 7.82667
      vertex 6 34.9367 5.66337
      vertex 6 34.9379 5.66295
    endloop
  endfacet
  facet normal 0.704764 0.394306 -0.589771
    outer loop
      vertex 6 33.855 13.8885
      vertex 3.75 34.7303 11.785
      vertex 3.75 34.975 11.9486
    endloop
  endfacet
  facet normal 0.704787 0.3941 -0.589882
    outer loop
      vertex 3.75 34.7303 11.785
      vertex 6 33.855 13.8885
      vertex 6 33.3666 13.5622
    endloop
  endfacet
  facet normal 0.704774 -0.467805 0.53334
    outer loop
      vertex 3.75 37.691 8.40901
      vertex 6 38.8334 6.43781
      vertex 6 39.2749 6.82506
    endloop
  endfacet
  facet normal 0.704784 -0.46772 0.533401
    outer loop
      vertex 6 38.8334 6.43781
      vertex 3.75 37.691 8.40901
      vertex 3.75 37.4697 8.21496
    endloop
  endfacet
  facet normal 0.704795 0.589746 -0.394289
    outer loop
      vertex 6 32.5378 12.7334
      vertex 3.75 34.1514 11.125
      vertex 3.75 34.315 11.3697
    endloop
  endfacet
  facet normal 0.704772 0.589894 -0.394108
    outer loop
      vertex 3.75 34.1514 11.125
      vertex 6 32.5378 12.7334
      vertex 6 32.2115 12.245
    endloop
  endfacet
  facet normal 0.704771 -0.707918 0.0463657
    outer loop
      vertex 3.75 38.35 10
      vertex 6 40.5517 9.41523
      vertex 6 40.59 10
    endloop
  endfacet
  facet normal 0.704771 0.707918 -0.0463633
    outer loop
      vertex 3.75 33.85 10
      vertex 6 31.6483 10.5848
      vertex 6 31.61 10
    endloop
  endfacet
  facet normal 0.704787 -0.3941 -0.589882
    outer loop
      vertex 6 38.345 13.8885
      vertex 3.75 37.4697 11.785
      vertex 6 38.8334 13.5622
    endloop
  endfacet
  facet normal 0.704764 -0.394306 -0.589771
    outer loop
      vertex 3.75 37.4697 11.785
      vertex 6 38.345 13.8885
      vertex 3.75 37.225 11.9486
    endloop
  endfacet
  facet normal 0.704775 0.695802 -0.138389
    outer loop
      vertex 6 31.763 11.1621
      vertex 3.75 33.8693 10.2937
      vertex 3.75 33.9267 10.5823
    endloop
  endfacet
  facet normal 0.70478 0.695789 -0.138433
    outer loop
      vertex 3.75 33.8693 10.2937
      vertex 6 31.763 11.1621
      vertex 6 31.6484 10.5861
    endloop
  endfacet
  facet normal 0.704778 0.671783 -0.228025
    outer loop
      vertex 6 31.7634 11.1633
      vertex 3.75 33.9267 10.5823
      vertex 3.75 34.0213 10.861
    endloop
  endfacet
  facet normal 0.704899 0.672908 -0.224303
    outer loop
      vertex 3.75 33.9267 10.5823
      vertex 6 31.7634 11.1633
      vertex 6 31.763 11.1621
    endloop
  endfacet
  facet normal 0.704778 0.046399 0.707909
    outer loop
      vertex 3.75 36.1 7.75
      vertex 6 35.5152 5.54828
      vertex 6 36.1 5.50995
    endloop
  endfacet
  facet normal 0.70478 -0.69579 0.138424
    outer loop
      vertex 3.75 38.3307 9.70632
      vertex 6 40.437 8.83789
      vertex 6 40.5516 9.41393
    endloop
  endfacet
  facet normal 0.704773 -0.695809 0.138362
    outer loop
      vertex 6 40.437 8.83789
      vertex 3.75 38.3307 9.70632
      vertex 3.75 38.2733 9.41766
    endloop
  endfacet
  facet normal 0.704764 0.636365 -0.313603
    outer loop
      vertex 6 32.2115 12.245
      vertex 3.75 34.0213 10.861
      vertex 3.75 34.1514 11.125
    endloop
  endfacet
  facet normal 0.70479 0.636227 -0.313825
    outer loop
      vertex 3.75 34.0213 10.861
      vertex 6 32.2115 12.245
      vertex 6 31.9517 11.7183
    endloop
  endfacet
  facet normal 0.704785 0.671798 0.22796
    outer loop
      vertex 3.75 34.0213 9.13896
      vertex 6 31.7634 8.83666
      vertex 6 31.9517 8.28174
    endloop
  endfacet
  facet normal 0.704899 -0.672908 -0.224303
    outer loop
      vertex 6 40.4366 11.1633
      vertex 3.75 38.2733 10.5823
      vertex 6 40.437 11.1621
    endloop
  endfacet
  facet normal 0.704778 -0.671783 -0.228025
    outer loop
      vertex 3.75 38.2733 10.5823
      vertex 6 40.4366 11.1633
      vertex 3.75 38.1787 10.861
    endloop
  endfacet
  facet normal 0.704783 -0.53334 0.467792
    outer loop
      vertex 3.75 37.885 8.63029
      vertex 6 39.2749 6.82506
      vertex 6 39.6622 7.26663
    endloop
  endfacet
  facet normal 0.704768 -0.533452 0.467687
    outer loop
      vertex 6 39.2749 6.82506
      vertex 3.75 37.885 8.63029
      vertex 3.75 37.691 8.40901
    endloop
  endfacet
  facet normal 0.704768 0.533452 0.467687
    outer loop
      vertex 3.75 34.315 8.63029
      vertex 6 32.9251 6.82506
      vertex 3.75 34.509 8.40901
    endloop
  endfacet
  facet normal 0.704783 0.53334 0.467792
    outer loop
      vertex 6 32.9251 6.82506
      vertex 3.75 34.315 8.63029
      vertex 6 32.5378 7.26663
    endloop
  endfacet
  facet normal 0.705021 0.707098 -0.0543921
    outer loop
      vertex 6 31.6483 10.5848
      vertex 3.75 33.8693 10.2937
      vertex 6 31.6484 10.5861
    endloop
  endfacet
  facet normal 0.704787 0.707892 -0.046518
    outer loop
      vertex 3.75 33.8693 10.2937
      vertex 6 31.6483 10.5848
      vertex 3.75 33.85 10
    endloop
  endfacet
  facet normal 0.704784 0.31373 0.636281
    outer loop
      vertex 3.75 34.975 8.05144
      vertex 6 34.3817 5.85174
      vertex 3.75 35.239 7.92127
    endloop
  endfacet
  facet normal 0.704776 0.313802 0.636254
    outer loop
      vertex 6 34.3817 5.85174
      vertex 3.75 34.975 8.05144
      vertex 6 33.855 6.11151
    endloop
  endfacet
  facet normal 0.704788 -0.671805 -0.22793
    outer loop
      vertex 3.75 38.1787 10.861
      vertex 6 40.4366 11.1633
      vertex 6 40.2483 11.7183
    endloop
  endfacet
  facet normal 0.704791 0.589757 0.39428
    outer loop
      vertex 3.75 34.1514 8.875
      vertex 6 32.5378 7.26663
      vertex 3.75 34.315 8.63029
    endloop
  endfacet
  facet normal 0.704773 0.589875 0.394136
    outer loop
      vertex 6 32.5378 7.26663
      vertex 3.75 34.1514 8.875
      vertex 6 32.2115 7.75498
    endloop
  endfacet
  facet normal 0.704787 -0.707892 0.0465211
    outer loop
      vertex 3.75 38.3307 9.70632
      vertex 6 40.5517 9.41523
      vertex 3.75 38.35 10
    endloop
  endfacet
  facet normal 0.705021 -0.707098 0.0543921
    outer loop
      vertex 6 40.5517 9.41523
      vertex 3.75 38.3307 9.70632
      vertex 6 40.5516 9.41393
    endloop
  endfacet
  facet normal 0.704773 -0.313833 -0.636242
    outer loop
      vertex 6 37.8183 14.1483
      vertex 3.75 37.225 11.9486
      vertex 6 38.345 13.8885
    endloop
  endfacet
  facet normal 0.704799 -0.313588 -0.636335
    outer loop
      vertex 3.75 37.225 11.9486
      vertex 6 37.8183 14.1483
      vertex 3.75 36.961 12.0787
    endloop
  endfacet
  facet normal 0.704899 -0.224303 -0.672908
    outer loop
      vertex 3.75 36.6823 12.1733
      vertex 6 37.2633 14.3366
      vertex 6 37.2621 14.337
    endloop
  endfacet
  facet normal 0.704778 -0.228025 -0.671783
    outer loop
      vertex 6 37.2633 14.3366
      vertex 3.75 36.6823 12.1733
      vertex 3.75 36.961 12.0787
    endloop
  endfacet
  facet normal 0.70478 -0.228008 0.671787
    outer loop
      vertex 3.75 36.961 7.92127
      vertex 6 37.2633 5.66337
      vertex 6 37.8183 5.85174
    endloop
  endfacet
  facet normal 0.704787 0.707892 0.0465211
    outer loop
      vertex 6 31.6483 9.41523
      vertex 3.75 33.8693 9.70632
      vertex 3.75 33.85 10
    endloop
  endfacet
  facet normal 0.705021 0.707098 0.0543921
    outer loop
      vertex 3.75 33.8693 9.70632
      vertex 6 31.6483 9.41523
      vertex 6 31.6484 9.41393
    endloop
  endfacet
  facet normal 0.70486 -0.0489913 0.707652
    outer loop
      vertex 3.75 36.3937 7.76925
      vertex 6 36.6848 5.54828
      vertex 6 36.6861 5.54837
    endloop
  endfacet
  facet normal 0.704778 -0.0463985 0.707909
    outer loop
      vertex 6 36.6848 5.54828
      vertex 3.75 36.3937 7.76925
      vertex 3.75 36.1 7.75
    endloop
  endfacet
  facet normal 0.704772 -0.589894 -0.394108
    outer loop
      vertex 6 39.6622 12.7334
      vertex 3.75 38.0486 11.125
      vertex 6 39.9885 12.245
    endloop
  endfacet
  facet normal 0.704795 -0.589746 -0.394289
    outer loop
      vertex 3.75 38.0486 11.125
      vertex 6 39.6622 12.7334
      vertex 3.75 37.885 11.3697
    endloop
  endfacet
  facet normal 0.704788 -0.22793 -0.671805
    outer loop
      vertex 3.75 36.961 12.0787
      vertex 6 37.8183 14.1483
      vertex 6 37.2633 14.3366
    endloop
  endfacet
  facet normal 0.704771 -0.707918 -0.0463633
    outer loop
      vertex 3.75 38.35 10
      vertex 6 40.59 10
      vertex 6 40.5517 10.5848
    endloop
  endfacet
  facet normal 0.704778 0.671783 0.228025
    outer loop
      vertex 3.75 33.9267 9.41766
      vertex 6 31.7634 8.83666
      vertex 3.75 34.0213 9.13896
    endloop
  endfacet
  facet normal 0.705044 0.674398 0.219317
    outer loop
      vertex 6 31.7634 8.83666
      vertex 3.75 33.9267 9.41766
      vertex 6 31.763 8.83789
    endloop
  endfacet
  facet normal 0.704776 -0.313802 0.636254
    outer loop
      vertex 3.75 37.225 8.05144
      vertex 6 37.8183 5.85174
      vertex 6 38.345 6.11151
    endloop
  endfacet
  facet normal 0.704784 -0.31373 0.636281
    outer loop
      vertex 6 37.8183 5.85174
      vertex 3.75 37.225 8.05144
      vertex 3.75 36.961 7.92127
    endloop
  endfacet
  facet normal 0.704771 0.707918 0.0463657
    outer loop
      vertex 3.75 33.85 10
      vertex 6 31.61 10
      vertex 6 31.6483 9.41523
    endloop
  endfacet
  facet normal 0.70479 -0.636227 -0.313825
    outer loop
      vertex 6 39.9885 12.245
      vertex 3.75 38.1787 10.861
      vertex 6 40.2483 11.7183
    endloop
  endfacet
  facet normal 0.704764 -0.636365 -0.313603
    outer loop
      vertex 3.75 38.1787 10.861
      vertex 6 39.9885 12.245
      vertex 3.75 38.0486 11.125
    endloop
  endfacet
  facet normal 0.704773 0.695809 0.138362
    outer loop
      vertex 3.75 33.8693 9.70632
      vertex 6 31.763 8.83789
      vertex 3.75 33.9267 9.41766
    endloop
  endfacet
  facet normal 0.70478 0.69579 0.138424
    outer loop
      vertex 6 31.763 8.83789
      vertex 3.75 33.8693 9.70632
      vertex 6 31.6484 9.41393
    endloop
  endfacet
  facet normal 0.704778 0.0463985 0.707909
    outer loop
      vertex 3.75 35.8063 7.76925
      vertex 6 35.5152 5.54828
      vertex 3.75 36.1 7.75
    endloop
  endfacet
  facet normal 0.70486 0.0489913 0.707652
    outer loop
      vertex 6 35.5152 5.54828
      vertex 3.75 35.8063 7.76925
      vertex 6 35.5139 5.54837
    endloop
  endfacet
  facet normal 0.704778 -0.228025 0.671783
    outer loop
      vertex 3.75 36.6823 7.82667
      vertex 6 37.2633 5.66337
      vertex 3.75 36.961 7.92127
    endloop
  endfacet
  facet normal 0.704545 -0.234436 0.669818
    outer loop
      vertex 6 37.2633 5.66337
      vertex 3.75 36.6823 7.82667
      vertex 6 37.2621 5.66295
    endloop
  endfacet
  facet normal 0.704785 -0.533302 -0.467832
    outer loop
      vertex 6 39.2749 13.1749
      vertex 3.75 37.885 11.3697
      vertex 6 39.6622 12.7334
    endloop
  endfacet
  facet normal 0.704762 -0.533478 -0.467667
    outer loop
      vertex 3.75 37.885 11.3697
      vertex 6 39.2749 13.1749
      vertex 3.75 37.691 11.591
    endloop
  endfacet
  facet normal 0.704773 -0.589875 0.394136
    outer loop
      vertex 3.75 38.0486 8.875
      vertex 6 39.6622 7.26663
      vertex 6 39.9885 7.75498
    endloop
  endfacet
  facet normal 0.704791 -0.589757 0.39428
    outer loop
      vertex 6 39.6622 7.26663
      vertex 3.75 38.0486 8.875
      vertex 3.75 37.885 8.63029
    endloop
  endfacet
  facet normal 0.704769 -0.467842 -0.533314
    outer loop
      vertex 6 38.8334 13.5622
      vertex 3.75 37.691 11.591
      vertex 6 39.2749 13.1749
    endloop
  endfacet
  facet normal 0.704793 -0.467646 -0.533454
    outer loop
      vertex 3.75 37.691 11.591
      vertex 6 38.8334 13.5622
      vertex 3.75 37.4697 11.785
    endloop
  endfacet
  facet normal 0.704777 -0.138434 -0.695791
    outer loop
      vertex 6 36.6861 14.4516
      vertex 3.75 36.6823 12.1733
      vertex 6 37.2621 14.337
    endloop
  endfacet
  facet normal 0.704758 -0.138624 -0.695773
    outer loop
      vertex 3.75 36.6823 12.1733
      vertex 6 36.6861 14.4516
      vertex 3.75 36.3937 12.2308
    endloop
  endfacet
  facet normal 0 0.0652336 -0.99787
    outer loop
      vertex 0 21.8063 94.2308
      vertex 3.75 22.1 94.25
      vertex 3.75 21.8063 94.2308
    endloop
  endfacet
  facet normal 0 0.0652336 -0.99787
    outer loop
      vertex 3.75 22.1 94.25
      vertex 0 21.8063 94.2308
      vertex 0 22.1 94.25
    endloop
  endfacet
  facet normal 0 -0.0652336 -0.99787
    outer loop
      vertex 0 22.1 94.25
      vertex 3.75 22.3937 94.2308
      vertex 3.75 22.1 94.25
    endloop
  endfacet
  facet normal -0 -0.0652336 -0.99787
    outer loop
      vertex 3.75 22.3937 94.2308
      vertex 0 22.1 94.25
      vertex 0 22.3937 94.2308
    endloop
  endfacet
  facet normal 0 0.751966 0.659202
    outer loop
      vertex 3.75 20.509 90.409
      vertex 0 20.315 90.6303
      vertex 3.75 20.315 90.6303
    endloop
  endfacet
  facet normal 0 0.751966 0.659202
    outer loop
      vertex 0 20.315 90.6303
      vertex 3.75 20.509 90.409
      vertex 0 20.509 90.409
    endloop
  endfacet
  facet normal 0 0.980724 0.195397
    outer loop
      vertex 3.75 19.9267 91.4177
      vertex 0 19.8692 91.7063
      vertex 3.75 19.8692 91.7063
    endloop
  endfacet
  facet normal 0 0.980724 0.195397
    outer loop
      vertex 0 19.8692 91.7063
      vertex 3.75 19.9267 91.4177
      vertex 0 19.9267 91.4177
    endloop
  endfacet
  facet normal 0 -0.659202 -0.751966
    outer loop
      vertex 0 23.4697 93.785
      vertex 3.75 23.691 93.591
      vertex 3.75 23.4697 93.785
    endloop
  endfacet
  facet normal -0 -0.659202 -0.751966
    outer loop
      vertex 3.75 23.691 93.591
      vertex 0 23.4697 93.785
      vertex 0 23.691 93.591
    endloop
  endfacet
  facet normal 0 -0.555797 -0.831318
    outer loop
      vertex 0 23.225 93.9486
      vertex 3.75 23.4697 93.785
      vertex 3.75 23.225 93.9486
    endloop
  endfacet
  facet normal -0 -0.555797 -0.831318
    outer loop
      vertex 3.75 23.4697 93.785
      vertex 0 23.225 93.9486
      vertex 0 23.4697 93.785
    endloop
  endfacet
  facet normal 0 -0.195397 -0.980724
    outer loop
      vertex 0 22.3937 94.2308
      vertex 3.75 22.6823 94.1733
      vertex 3.75 22.3937 94.2308
    endloop
  endfacet
  facet normal -0 -0.195397 -0.980724
    outer loop
      vertex 3.75 22.6823 94.1733
      vertex 0 22.3937 94.2308
      vertex 0 22.6823 94.1733
    endloop
  endfacet
  facet normal 0 -0.195397 0.980724
    outer loop
      vertex 0 22.6823 89.8267
      vertex 3.75 22.3937 89.7692
      vertex 3.75 22.6823 89.8267
    endloop
  endfacet
  facet normal 0 -0.195397 0.980724
    outer loop
      vertex 3.75 22.3937 89.7692
      vertex 0 22.6823 89.8267
      vertex 0 22.3937 89.7692
    endloop
  endfacet
  facet normal 0 0.946936 -0.321421
    outer loop
      vertex 3.75 19.9267 92.5823
      vertex 0 20.0213 92.861
      vertex 3.75 20.0213 92.861
    endloop
  endfacet
  facet normal 0 0.946936 -0.321421
    outer loop
      vertex 0 20.0213 92.861
      vertex 3.75 19.9267 92.5823
      vertex 0 19.9267 92.5823
    endloop
  endfacet
  facet normal 0 -0.751966 -0.659202
    outer loop
      vertex 0 23.885 93.3697
      vertex 3.75 23.691 93.591
      vertex 0 23.691 93.591
    endloop
  endfacet
  facet normal 0 -0.751966 -0.659202
    outer loop
      vertex 3.75 23.691 93.591
      vertex 0 23.885 93.3697
      vertex 3.75 23.885 93.3697
    endloop
  endfacet
  facet normal 0 0.896995 0.442042
    outer loop
      vertex 3.75 20.1514 90.875
      vertex 0 20.0213 91.139
      vertex 3.75 20.0213 91.139
    endloop
  endfacet
  facet normal 0 0.896995 0.442042
    outer loop
      vertex 0 20.0213 91.139
      vertex 3.75 20.1514 90.875
      vertex 0 20.1514 90.875
    endloop
  endfacet
  facet normal 0 0.659202 -0.751966
    outer loop
      vertex 0 20.509 93.591
      vertex 3.75 20.7303 93.785
      vertex 3.75 20.509 93.591
    endloop
  endfacet
  facet normal 0 0.659202 -0.751966
    outer loop
      vertex 3.75 20.7303 93.785
      vertex 0 20.509 93.591
      vertex 0 20.7303 93.785
    endloop
  endfacet
  facet normal 0 -0.946936 -0.321421
    outer loop
      vertex 0 24.2733 92.5823
      vertex 3.75 24.1787 92.861
      vertex 0 24.1787 92.861
    endloop
  endfacet
  facet normal 0 -0.946936 -0.321421
    outer loop
      vertex 3.75 24.1787 92.861
      vertex 0 24.2733 92.5823
      vertex 3.75 24.2733 92.5823
    endloop
  endfacet
  facet normal 0 -0.442042 -0.896995
    outer loop
      vertex 0 22.961 94.0787
      vertex 3.75 23.225 93.9486
      vertex 3.75 22.961 94.0787
    endloop
  endfacet
  facet normal -0 -0.442042 -0.896995
    outer loop
      vertex 3.75 23.225 93.9486
      vertex 0 22.961 94.0787
      vertex 0 23.225 93.9486
    endloop
  endfacet
  facet normal 0 -0.980789 -0.19507
    outer loop
      vertex 0 24.3307 92.2937
      vertex 3.75 24.2733 92.5823
      vertex 0 24.2733 92.5823
    endloop
  endfacet
  facet normal 0 -0.980789 -0.19507
    outer loop
      vertex 3.75 24.2733 92.5823
      vertex 0 24.3307 92.2937
      vertex 3.75 24.3307 92.2937
    endloop
  endfacet
  facet normal 0 -0.896995 0.442042
    outer loop
      vertex 0 24.0486 90.875
      vertex 3.75 24.1787 91.139
      vertex 0 24.1787 91.139
    endloop
  endfacet
  facet normal 0 -0.896995 0.442042
    outer loop
      vertex 3.75 24.1787 91.139
      vertex 0 24.0486 90.875
      vertex 3.75 24.0486 90.875
    endloop
  endfacet
  facet normal 0 -0.0652336 0.99787
    outer loop
      vertex 0 22.3937 89.7692
      vertex 3.75 22.1 89.75
      vertex 3.75 22.3937 89.7692
    endloop
  endfacet
  facet normal 0 -0.0652336 0.99787
    outer loop
      vertex 3.75 22.1 89.75
      vertex 0 22.3937 89.7692
      vertex 0 22.1 89.75
    endloop
  endfacet
  facet normal 0 -0.831318 -0.555797
    outer loop
      vertex 0 24.0486 93.125
      vertex 3.75 23.885 93.3697
      vertex 0 23.885 93.3697
    endloop
  endfacet
  facet normal 0 -0.831318 -0.555797
    outer loop
      vertex 3.75 23.885 93.3697
      vertex 0 24.0486 93.125
      vertex 3.75 24.0486 93.125
    endloop
  endfacet
  facet normal 0 -0.321421 -0.946936
    outer loop
      vertex 0 22.6823 94.1733
      vertex 3.75 22.961 94.0787
      vertex 3.75 22.6823 94.1733
    endloop
  endfacet
  facet normal -0 -0.321421 -0.946936
    outer loop
      vertex 3.75 22.961 94.0787
      vertex 0 22.6823 94.1733
      vertex 0 22.961 94.0787
    endloop
  endfacet
  facet normal 0 0.751966 -0.659202
    outer loop
      vertex 3.75 20.315 93.3697
      vertex 0 20.509 93.591
      vertex 3.75 20.509 93.591
    endloop
  endfacet
  facet normal 0 0.751966 -0.659202
    outer loop
      vertex 0 20.509 93.591
      vertex 3.75 20.315 93.3697
      vertex 0 20.315 93.3697
    endloop
  endfacet
  facet normal -0 0.555797 0.831318
    outer loop
      vertex 0 20.975 90.0514
      vertex 3.75 20.7303 90.215
      vertex 3.75 20.975 90.0514
    endloop
  endfacet
  facet normal 0 0.555797 0.831318
    outer loop
      vertex 3.75 20.7303 90.215
      vertex 0 20.975 90.0514
      vertex 0 20.7303 90.215
    endloop
  endfacet
  facet normal 0 -0.896995 -0.442042
    outer loop
      vertex 0 24.1787 92.861
      vertex 3.75 24.0486 93.125
      vertex 0 24.0486 93.125
    endloop
  endfacet
  facet normal 0 -0.896995 -0.442042
    outer loop
      vertex 3.75 24.0486 93.125
      vertex 0 24.1787 92.861
      vertex 3.75 24.1787 92.861
    endloop
  endfacet
  facet normal 0 0.896995 -0.442042
    outer loop
      vertex 3.75 20.0213 92.861
      vertex 0 20.1514 93.125
      vertex 3.75 20.1514 93.125
    endloop
  endfacet
  facet normal 0 0.896995 -0.442042
    outer loop
      vertex 0 20.1514 93.125
      vertex 3.75 20.0213 92.861
      vertex 0 20.0213 92.861
    endloop
  endfacet
  facet normal 0 0.195397 -0.980724
    outer loop
      vertex 0 21.5177 94.1733
      vertex 3.75 21.8063 94.2308
      vertex 3.75 21.5177 94.1733
    endloop
  endfacet
  facet normal 0 0.195397 -0.980724
    outer loop
      vertex 3.75 21.8063 94.2308
      vertex 0 21.5177 94.1733
      vertex 0 21.8063 94.2308
    endloop
  endfacet
  facet normal 0 0.555797 -0.831318
    outer loop
      vertex 0 20.7303 93.785
      vertex 3.75 20.975 93.9486
      vertex 3.75 20.7303 93.785
    endloop
  endfacet
  facet normal 0 0.555797 -0.831318
    outer loop
      vertex 3.75 20.975 93.9486
      vertex 0 20.7303 93.785
      vertex 0 20.975 93.9486
    endloop
  endfacet
  facet normal 0 0.321421 -0.946936
    outer loop
      vertex 0 21.239 94.0787
      vertex 3.75 21.5177 94.1733
      vertex 3.75 21.239 94.0787
    endloop
  endfacet
  facet normal 0 0.321421 -0.946936
    outer loop
      vertex 3.75 21.5177 94.1733
      vertex 0 21.239 94.0787
      vertex 0 21.5177 94.1733
    endloop
  endfacet
  facet normal 0 -0.831318 0.555797
    outer loop
      vertex 0 23.885 90.6303
      vertex 3.75 24.0486 90.875
      vertex 0 24.0486 90.875
    endloop
  endfacet
  facet normal 0 -0.831318 0.555797
    outer loop
      vertex 3.75 24.0486 90.875
      vertex 0 23.885 90.6303
      vertex 3.75 23.885 90.6303
    endloop
  endfacet
  facet normal 0 0.442042 -0.896995
    outer loop
      vertex 0 20.975 93.9486
      vertex 3.75 21.239 94.0787
      vertex 3.75 20.975 93.9486
    endloop
  endfacet
  facet normal 0 0.442042 -0.896995
    outer loop
      vertex 3.75 21.239 94.0787
      vertex 0 20.975 93.9486
      vertex 0 21.239 94.0787
    endloop
  endfacet
  facet normal 0 0.946936 0.321421
    outer loop
      vertex 3.75 20.0213 91.139
      vertex 0 19.9267 91.4177
      vertex 3.75 19.9267 91.4177
    endloop
  endfacet
  facet normal 0 0.946936 0.321421
    outer loop
      vertex 0 19.9267 91.4177
      vertex 3.75 20.0213 91.139
      vertex 0 20.0213 91.139
    endloop
  endfacet
  facet normal -0 0.321421 0.946936
    outer loop
      vertex 0 21.5177 89.8267
      vertex 3.75 21.239 89.9213
      vertex 3.75 21.5177 89.8267
    endloop
  endfacet
  facet normal 0 0.321421 0.946936
    outer loop
      vertex 3.75 21.239 89.9213
      vertex 0 21.5177 89.8267
      vertex 0 21.239 89.9213
    endloop
  endfacet
  facet normal 0 0.980724 -0.195397
    outer loop
      vertex 3.75 19.8692 92.2937
      vertex 0 19.9267 92.5823
      vertex 3.75 19.9267 92.5823
    endloop
  endfacet
  facet normal 0 0.980724 -0.195397
    outer loop
      vertex 0 19.9267 92.5823
      vertex 3.75 19.8692 92.2937
      vertex 0 19.8692 92.2937
    endloop
  endfacet
  facet normal 0 0.831318 -0.555797
    outer loop
      vertex 3.75 20.1514 93.125
      vertex 0 20.315 93.3697
      vertex 3.75 20.315 93.3697
    endloop
  endfacet
  facet normal 0 0.831318 -0.555797
    outer loop
      vertex 0 20.315 93.3697
      vertex 3.75 20.1514 93.125
      vertex 0 20.1514 93.125
    endloop
  endfacet
  facet normal 0 -0.997848 0.0655719
    outer loop
      vertex 0 24.3307 91.7063
      vertex 3.75 24.35 92
      vertex 0 24.35 92
    endloop
  endfacet
  facet normal 0 -0.997848 0.0655719
    outer loop
      vertex 3.75 24.35 92
      vertex 0 24.3307 91.7063
      vertex 3.75 24.3307 91.7063
    endloop
  endfacet
  facet normal 0 -0.946936 0.321421
    outer loop
      vertex 0 24.1787 91.139
      vertex 3.75 24.2733 91.4177
      vertex 0 24.2733 91.4177
    endloop
  endfacet
  facet normal 0 -0.946936 0.321421
    outer loop
      vertex 3.75 24.2733 91.4177
      vertex 0 24.1787 91.139
      vertex 3.75 24.1787 91.139
    endloop
  endfacet
  facet normal 0 -0.555797 0.831318
    outer loop
      vertex 0 23.4697 90.215
      vertex 3.75 23.225 90.0514
      vertex 3.75 23.4697 90.215
    endloop
  endfacet
  facet normal 0 -0.555797 0.831318
    outer loop
      vertex 3.75 23.225 90.0514
      vertex 0 23.4697 90.215
      vertex 0 23.225 90.0514
    endloop
  endfacet
  facet normal 0 -0.321421 0.946936
    outer loop
      vertex 0 22.961 89.9213
      vertex 3.75 22.6823 89.8267
      vertex 3.75 22.961 89.9213
    endloop
  endfacet
  facet normal 0 -0.321421 0.946936
    outer loop
      vertex 3.75 22.6823 89.8267
      vertex 0 22.961 89.9213
      vertex 0 22.6823 89.8267
    endloop
  endfacet
  facet normal 0 -0.997848 -0.0655719
    outer loop
      vertex 0 24.35 92
      vertex 3.75 24.3307 92.2937
      vertex 0 24.3307 92.2937
    endloop
  endfacet
  facet normal 0 -0.997848 -0.0655719
    outer loop
      vertex 3.75 24.3307 92.2937
      vertex 0 24.35 92
      vertex 3.75 24.35 92
    endloop
  endfacet
  facet normal 0 -0.442042 0.896995
    outer loop
      vertex 0 23.225 90.0514
      vertex 3.75 22.961 89.9213
      vertex 3.75 23.225 90.0514
    endloop
  endfacet
  facet normal 0 -0.442042 0.896995
    outer loop
      vertex 3.75 22.961 89.9213
      vertex 0 23.225 90.0514
      vertex 0 22.961 89.9213
    endloop
  endfacet
  facet normal -0 0.442042 0.896995
    outer loop
      vertex 0 21.239 89.9213
      vertex 3.75 20.975 90.0514
      vertex 3.75 21.239 89.9213
    endloop
  endfacet
  facet normal 0 0.442042 0.896995
    outer loop
      vertex 3.75 20.975 90.0514
      vertex 0 21.239 89.9213
      vertex 0 20.975 90.0514
    endloop
  endfacet
  facet normal -0 0.195397 0.980724
    outer loop
      vertex 0 21.8063 89.7692
      vertex 3.75 21.5177 89.8267
      vertex 3.75 21.8063 89.7692
    endloop
  endfacet
  facet normal 0 0.195397 0.980724
    outer loop
      vertex 3.75 21.5177 89.8267
      vertex 0 21.8063 89.7692
      vertex 0 21.5177 89.8267
    endloop
  endfacet
  facet normal 0 0.99787 0.0652336
    outer loop
      vertex 3.75 19.8692 91.7063
      vertex 0 19.85 92
      vertex 3.75 19.85 92
    endloop
  endfacet
  facet normal 0 0.99787 0.0652336
    outer loop
      vertex 0 19.85 92
      vertex 3.75 19.8692 91.7063
      vertex 0 19.8692 91.7063
    endloop
  endfacet
  facet normal -0 0.0652336 0.99787
    outer loop
      vertex 0 22.1 89.75
      vertex 3.75 21.8063 89.7692
      vertex 3.75 22.1 89.75
    endloop
  endfacet
  facet normal 0 0.0652336 0.99787
    outer loop
      vertex 3.75 21.8063 89.7692
      vertex 0 22.1 89.75
      vertex 0 21.8063 89.7692
    endloop
  endfacet
  facet normal 0 0.99787 -0.0652336
    outer loop
      vertex 3.75 19.85 92
      vertex 0 19.8692 92.2937
      vertex 3.75 19.8692 92.2937
    endloop
  endfacet
  facet normal 0 0.99787 -0.0652336
    outer loop
      vertex 0 19.8692 92.2937
      vertex 3.75 19.85 92
      vertex 0 19.85 92
    endloop
  endfacet
  facet normal 0 -0.659202 0.751966
    outer loop
      vertex 0 23.691 90.409
      vertex 3.75 23.4697 90.215
      vertex 3.75 23.691 90.409
    endloop
  endfacet
  facet normal 0 -0.659202 0.751966
    outer loop
      vertex 3.75 23.4697 90.215
      vertex 0 23.691 90.409
      vertex 0 23.4697 90.215
    endloop
  endfacet
  facet normal 0 -0.751966 0.659202
    outer loop
      vertex 0 23.691 90.409
      vertex 3.75 23.885 90.6303
      vertex 0 23.885 90.6303
    endloop
  endfacet
  facet normal 0 -0.751966 0.659202
    outer loop
      vertex 3.75 23.885 90.6303
      vertex 0 23.691 90.409
      vertex 3.75 23.691 90.409
    endloop
  endfacet
  facet normal 0 -0.980789 0.19507
    outer loop
      vertex 0 24.2733 91.4177
      vertex 3.75 24.3307 91.7063
      vertex 0 24.3307 91.7063
    endloop
  endfacet
  facet normal 0 -0.980789 0.19507
    outer loop
      vertex 3.75 24.3307 91.7063
      vertex 0 24.2733 91.4177
      vertex 3.75 24.2733 91.4177
    endloop
  endfacet
  facet normal -0 0.659202 0.751966
    outer loop
      vertex 0 20.7303 90.215
      vertex 3.75 20.509 90.409
      vertex 3.75 20.7303 90.215
    endloop
  endfacet
  facet normal 0 0.659202 0.751966
    outer loop
      vertex 3.75 20.509 90.409
      vertex 0 20.7303 90.215
      vertex 0 20.509 90.409
    endloop
  endfacet
  facet normal 0 0.831318 0.555797
    outer loop
      vertex 3.75 20.315 90.6303
      vertex 0 20.1514 90.875
      vertex 3.75 20.1514 90.875
    endloop
  endfacet
  facet normal 0 0.831318 0.555797
    outer loop
      vertex 0 20.1514 90.875
      vertex 3.75 20.315 90.6303
      vertex 0 20.315 90.6303
    endloop
  endfacet
  facet normal 0.704799 0.313588 -0.636335
    outer loop
      vertex 6 20.3817 96.1483
      vertex 3.75 20.975 93.9486
      vertex 3.75 21.239 94.0787
    endloop
  endfacet
  facet normal 0.704773 0.313833 -0.636242
    outer loop
      vertex 3.75 20.975 93.9486
      vertex 6 20.3817 96.1483
      vertex 6 19.855 95.8885
    endloop
  endfacet
  facet normal 0.70478 -0.695789 -0.138433
    outer loop
      vertex 6 26.437 93.1621
      vertex 3.75 24.3307 92.2937
      vertex 6 26.5516 92.5861
    endloop
  endfacet
  facet normal 0.704775 -0.695802 -0.138389
    outer loop
      vertex 3.75 24.3307 92.2937
      vertex 6 26.437 93.1621
      vertex 3.75 24.2733 92.5823
    endloop
  endfacet
  facet normal 0.704771 -0.0463633 -0.707918
    outer loop
      vertex 3.75 22.1 94.25
      vertex 6 22.6848 96.4517
      vertex 6 22.1 96.49
    endloop
  endfacet
  facet normal 0.704763 -0.0462795 -0.707932
    outer loop
      vertex 3.75 22.3937 94.2308
      vertex 6 22.6848 96.4517
      vertex 3.75 22.1 94.25
    endloop
  endfacet
  facet normal 0.705005 -0.0543933 -0.707113
    outer loop
      vertex 6 22.6848 96.4517
      vertex 3.75 22.3937 94.2308
      vertex 6 22.6861 96.4516
    endloop
  endfacet
  facet normal 0.704758 0.138624 -0.695773
    outer loop
      vertex 6 21.5139 96.4516
      vertex 3.75 21.5177 94.1733
      vertex 3.75 21.8063 94.2308
    endloop
  endfacet
  facet normal 0.704788 0.138315 -0.695803
    outer loop
      vertex 3.75 21.5177 94.1733
      vertex 6 21.5139 96.4516
      vertex 6 20.9379 96.3371
    endloop
  endfacet
  facet normal 0.704762 0.533478 -0.467667
    outer loop
      vertex 6 18.9251 95.1749
      vertex 3.75 20.315 93.3697
      vertex 3.75 20.509 93.591
    endloop
  endfacet
  facet normal 0.704785 0.533302 -0.467832
    outer loop
      vertex 3.75 20.315 93.3697
      vertex 6 18.9251 95.1749
      vertex 6 18.5378 94.7334
    endloop
  endfacet
  facet normal 0.705021 -0.707098 -0.0543921
    outer loop
      vertex 3.75 24.3307 92.2937
      vertex 6 26.5517 92.5848
      vertex 6 26.5516 92.5861
    endloop
  endfacet
  facet normal 0.704787 -0.707892 -0.046518
    outer loop
      vertex 6 26.5517 92.5848
      vertex 3.75 24.3307 92.2937
      vertex 3.75 24.35 92
    endloop
  endfacet
  facet normal 0.704788 -0.671805 0.22793
    outer loop
      vertex 3.75 24.1787 91.139
      vertex 6 26.2483 90.2817
      vertex 6 26.4366 90.8367
    endloop
  endfacet
  facet normal 0.704788 0.22793 -0.671805
    outer loop
      vertex 3.75 21.239 94.0787
      vertex 6 20.9367 96.3366
      vertex 6 20.3817 96.1483
    endloop
  endfacet
  facet normal 0.70479 -0.636227 0.313825
    outer loop
      vertex 3.75 24.1787 91.139
      vertex 6 25.9885 89.755
      vertex 6 26.2483 90.2817
    endloop
  endfacet
  facet normal 0.704764 -0.636365 0.313603
    outer loop
      vertex 6 25.9885 89.755
      vertex 3.75 24.1787 91.139
      vertex 3.75 24.0486 90.875
    endloop
  endfacet
  facet normal 0.702402 0.273762 -0.657028
    outer loop
      vertex 6 20.9367 96.3366
      vertex 3.75 21.5177 94.1733
      vertex 6 20.9379 96.3371
    endloop
  endfacet
  facet normal 0.704778 0.228025 -0.671783
    outer loop
      vertex 3.75 21.5177 94.1733
      vertex 6 20.9367 96.3366
      vertex 3.75 21.239 94.0787
    endloop
  endfacet
  facet normal 0.704788 0.22793 0.671805
    outer loop
      vertex 3.75 21.239 89.9213
      vertex 6 20.3817 87.8517
      vertex 6 20.9367 87.6634
    endloop
  endfacet
  facet normal 0.704793 0.467646 0.533454
    outer loop
      vertex 3.75 20.509 90.409
      vertex 6 19.3666 88.4378
      vertex 3.75 20.7303 90.215
    endloop
  endfacet
  facet normal 0.704769 0.467842 0.533314
    outer loop
      vertex 6 19.3666 88.4378
      vertex 3.75 20.509 90.409
      vertex 6 18.9251 88.8251
    endloop
  endfacet
  facet normal 0.704771 -0.0463633 0.707918
    outer loop
      vertex 3.75 22.1 89.75
      vertex 6 22.1 87.51
      vertex 6 22.6848 87.5483
    endloop
  endfacet
  facet normal 0.704899 -0.672908 0.224303
    outer loop
      vertex 3.75 24.2733 91.4177
      vertex 6 26.4366 90.8367
      vertex 6 26.437 90.8379
    endloop
  endfacet
  facet normal 0.704778 -0.671783 0.228025
    outer loop
      vertex 6 26.4366 90.8367
      vertex 3.75 24.2733 91.4177
      vertex 3.75 24.1787 91.139
    endloop
  endfacet
  facet normal 0.704788 0.671805 -0.22793
    outer loop
      vertex 3.75 20.0213 92.861
      vertex 6 17.9517 93.7183
      vertex 6 17.7634 93.1633
    endloop
  endfacet
  facet normal 0.704758 0.138624 0.695773
    outer loop
      vertex 3.75 21.5177 89.8267
      vertex 6 21.5139 87.5484
      vertex 3.75 21.8063 89.7692
    endloop
  endfacet
  facet normal 0.704788 0.138315 0.695803
    outer loop
      vertex 6 21.5139 87.5484
      vertex 3.75 21.5177 89.8267
      vertex 6 20.9379 87.6629
    endloop
  endfacet
  facet normal 0.705005 0.0543933 -0.707113
    outer loop
      vertex 3.75 21.8063 94.2308
      vertex 6 21.5152 96.4517
      vertex 6 21.5139 96.4516
    endloop
  endfacet
  facet normal 0.704763 0.0462795 -0.707932
    outer loop
      vertex 6 21.5152 96.4517
      vertex 3.75 21.8063 94.2308
      vertex 3.75 22.1 94.25
    endloop
  endfacet
  facet normal 0.704771 0.0463633 -0.707918
    outer loop
      vertex 3.75 22.1 94.25
      vertex 6 22.1 96.49
      vertex 6 21.5152 96.4517
    endloop
  endfacet
  facet normal 0.704793 0.467646 -0.533454
    outer loop
      vertex 6 19.3666 95.5622
      vertex 3.75 20.509 93.591
      vertex 3.75 20.7303 93.785
    endloop
  endfacet
  facet normal 0.704769 0.467842 -0.533314
    outer loop
      vertex 3.75 20.509 93.591
      vertex 6 19.3666 95.5622
      vertex 6 18.9251 95.1749
    endloop
  endfacet
  facet normal 0.704788 -0.138315 0.695803
    outer loop
      vertex 3.75 22.6823 89.8267
      vertex 6 22.6861 87.5484
      vertex 6 23.2621 87.6629
    endloop
  endfacet
  facet normal 0.704758 -0.138624 0.695773
    outer loop
      vertex 6 22.6861 87.5484
      vertex 3.75 22.6823 89.8267
      vertex 3.75 22.3937 89.7692
    endloop
  endfacet
  facet normal 0.704764 0.394306 0.589771
    outer loop
      vertex 3.75 20.7303 90.215
      vertex 6 19.855 88.1115
      vertex 3.75 20.975 90.0514
    endloop
  endfacet
  facet normal 0.704787 0.3941 0.589882
    outer loop
      vertex 6 19.855 88.1115
      vertex 3.75 20.7303 90.215
      vertex 6 19.3666 88.4378
    endloop
  endfacet
  facet normal 0.704764 0.636365 0.313603
    outer loop
      vertex 3.75 20.0213 91.139
      vertex 6 18.2115 89.755
      vertex 3.75 20.1514 90.875
    endloop
  endfacet
  facet normal 0.70479 0.636227 0.313825
    outer loop
      vertex 6 18.2115 89.755
      vertex 3.75 20.0213 91.139
      vertex 6 17.9517 90.2817
    endloop
  endfacet
  facet normal 0.704787 -0.3941 0.589882
    outer loop
      vertex 3.75 23.4697 90.215
      vertex 6 24.345 88.1115
      vertex 6 24.8334 88.4378
    endloop
  endfacet
  facet normal 0.704764 -0.394306 0.589771
    outer loop
      vertex 6 24.345 88.1115
      vertex 3.75 23.4697 90.215
      vertex 3.75 23.225 90.0514
    endloop
  endfacet
  facet normal 0.704778 0.228025 0.671783
    outer loop
      vertex 6 20.9367 87.6634
      vertex 3.75 21.5177 89.8267
      vertex 3.75 21.239 89.9213
    endloop
  endfacet
  facet normal 0.702402 0.273762 0.657028
    outer loop
      vertex 3.75 21.5177 89.8267
      vertex 6 20.9367 87.6634
      vertex 6 20.9379 87.6629
    endloop
  endfacet
  facet normal 0.704764 0.394306 -0.589771
    outer loop
      vertex 6 19.855 95.8885
      vertex 3.75 20.7303 93.785
      vertex 3.75 20.975 93.9486
    endloop
  endfacet
  facet normal 0.704787 0.3941 -0.589882
    outer loop
      vertex 3.75 20.7303 93.785
      vertex 6 19.855 95.8885
      vertex 6 19.3666 95.5622
    endloop
  endfacet
  facet normal 0.704769 -0.467842 0.533314
    outer loop
      vertex 3.75 23.691 90.409
      vertex 6 24.8334 88.4378
      vertex 6 25.2749 88.8251
    endloop
  endfacet
  facet normal 0.704793 -0.467646 0.533454
    outer loop
      vertex 6 24.8334 88.4378
      vertex 3.75 23.691 90.409
      vertex 3.75 23.4697 90.215
    endloop
  endfacet
  facet normal 0.704795 0.589746 -0.394289
    outer loop
      vertex 6 18.5378 94.7334
      vertex 3.75 20.1514 93.125
      vertex 3.75 20.315 93.3697
    endloop
  endfacet
  facet normal 0.704772 0.589894 -0.394108
    outer loop
      vertex 3.75 20.1514 93.125
      vertex 6 18.5378 94.7334
      vertex 6 18.2115 94.245
    endloop
  endfacet
  facet normal 0.704771 -0.707918 0.0463633
    outer loop
      vertex 3.75 24.35 92
      vertex 6 26.5517 91.4152
      vertex 6 26.59 92
    endloop
  endfacet
  facet normal 0.704771 0.707918 -0.0463633
    outer loop
      vertex 3.75 19.85 92
      vertex 6 17.6483 92.5848
      vertex 6 17.61 92
    endloop
  endfacet
  facet normal 0.704787 -0.3941 -0.589882
    outer loop
      vertex 6 24.345 95.8885
      vertex 3.75 23.4697 93.785
      vertex 6 24.8334 95.5622
    endloop
  endfacet
  facet normal 0.704764 -0.394306 -0.589771
    outer loop
      vertex 3.75 23.4697 93.785
      vertex 6 24.345 95.8885
      vertex 3.75 23.225 93.9486
    endloop
  endfacet
  facet normal 0.704783 0.695748 -0.138619
    outer loop
      vertex 6 17.763 93.1621
      vertex 3.75 19.8692 92.2937
      vertex 3.75 19.9267 92.5823
    endloop
  endfacet
  facet normal 0.704764 0.695804 -0.138436
    outer loop
      vertex 3.75 19.8692 92.2937
      vertex 6 17.763 93.1621
      vertex 6 17.6484 92.5861
    endloop
  endfacet
  facet normal 0.704778 0.671783 -0.228025
    outer loop
      vertex 6 17.7634 93.1633
      vertex 3.75 19.9267 92.5823
      vertex 3.75 20.0213 92.861
    endloop
  endfacet
  facet normal 0.704899 0.672908 -0.224303
    outer loop
      vertex 3.75 19.9267 92.5823
      vertex 6 17.7634 93.1633
      vertex 6 17.763 93.1621
    endloop
  endfacet
  facet normal 0.704771 0.0463633 0.707918
    outer loop
      vertex 3.75 22.1 89.75
      vertex 6 21.5152 87.5483
      vertex 6 22.1 87.51
    endloop
  endfacet
  facet normal 0.70478 -0.695789 0.138433
    outer loop
      vertex 3.75 24.3307 91.7063
      vertex 6 26.437 90.8379
      vertex 6 26.5516 91.4139
    endloop
  endfacet
  facet normal 0.704775 -0.695802 0.138389
    outer loop
      vertex 6 26.437 90.8379
      vertex 3.75 24.3307 91.7063
      vertex 3.75 24.2733 91.4177
    endloop
  endfacet
  facet normal 0.704764 0.636365 -0.313603
    outer loop
      vertex 6 18.2115 94.245
      vertex 3.75 20.0213 92.861
      vertex 3.75 20.1514 93.125
    endloop
  endfacet
  facet normal 0.70479 0.636227 -0.313825
    outer loop
      vertex 3.75 20.0213 92.861
      vertex 6 18.2115 94.245
      vertex 6 17.9517 93.7183
    endloop
  endfacet
  facet normal 0.704788 0.671805 0.22793
    outer loop
      vertex 3.75 20.0213 91.139
      vertex 6 17.7634 90.8367
      vertex 6 17.9517 90.2817
    endloop
  endfacet
  facet normal 0.704899 -0.672908 -0.224303
    outer loop
      vertex 6 26.4366 93.1633
      vertex 3.75 24.2733 92.5823
      vertex 6 26.437 93.1621
    endloop
  endfacet
  facet normal 0.704778 -0.671783 -0.228025
    outer loop
      vertex 3.75 24.2733 92.5823
      vertex 6 26.4366 93.1633
      vertex 3.75 24.1787 92.861
    endloop
  endfacet
  facet normal 0.704785 -0.533302 0.467832
    outer loop
      vertex 3.75 23.885 90.6303
      vertex 6 25.2749 88.8251
      vertex 6 25.6622 89.2666
    endloop
  endfacet
  facet normal 0.704762 -0.533478 0.467667
    outer loop
      vertex 6 25.2749 88.8251
      vertex 3.75 23.885 90.6303
      vertex 3.75 23.691 90.409
    endloop
  endfacet
  facet normal 0.704762 0.533478 0.467667
    outer loop
      vertex 3.75 20.315 90.6303
      vertex 6 18.9251 88.8251
      vertex 3.75 20.509 90.409
    endloop
  endfacet
  facet normal 0.704785 0.533302 0.467832
    outer loop
      vertex 6 18.9251 88.8251
      vertex 3.75 20.315 90.6303
      vertex 6 18.5378 89.2666
    endloop
  endfacet
  facet normal 0.705005 0.707113 -0.0543933
    outer loop
      vertex 6 17.6483 92.5848
      vertex 3.75 19.8692 92.2937
      vertex 6 17.6484 92.5861
    endloop
  endfacet
  facet normal 0.704763 0.707932 -0.0462795
    outer loop
      vertex 3.75 19.8692 92.2937
      vertex 6 17.6483 92.5848
      vertex 3.75 19.85 92
    endloop
  endfacet
  facet normal 0.704799 0.313588 0.636335
    outer loop
      vertex 3.75 20.975 90.0514
      vertex 6 20.3817 87.8517
      vertex 3.75 21.239 89.9213
    endloop
  endfacet
  facet normal 0.704773 0.313833 0.636242
    outer loop
      vertex 6 20.3817 87.8517
      vertex 3.75 20.975 90.0514
      vertex 6 19.855 88.1115
    endloop
  endfacet
  facet normal 0.704788 -0.671805 -0.22793
    outer loop
      vertex 3.75 24.1787 92.861
      vertex 6 26.4366 93.1633
      vertex 6 26.2483 93.7183
    endloop
  endfacet
  facet normal 0.704795 0.589746 0.394289
    outer loop
      vertex 3.75 20.1514 90.875
      vertex 6 18.5378 89.2666
      vertex 3.75 20.315 90.6303
    endloop
  endfacet
  facet normal 0.704772 0.589894 0.394108
    outer loop
      vertex 6 18.5378 89.2666
      vertex 3.75 20.1514 90.875
      vertex 6 18.2115 89.755
    endloop
  endfacet
  facet normal 0.704787 -0.707892 0.046518
    outer loop
      vertex 3.75 24.3307 91.7063
      vertex 6 26.5517 91.4152
      vertex 3.75 24.35 92
    endloop
  endfacet
  facet normal 0.705021 -0.707098 0.0543921
    outer loop
      vertex 6 26.5517 91.4152
      vertex 3.75 24.3307 91.7063
      vertex 6 26.5516 91.4139
    endloop
  endfacet
  facet normal 0.704773 -0.313833 -0.636242
    outer loop
      vertex 6 23.8183 96.1483
      vertex 3.75 23.225 93.9486
      vertex 6 24.345 95.8885
    endloop
  endfacet
  facet normal 0.704799 -0.313588 -0.636335
    outer loop
      vertex 3.75 23.225 93.9486
      vertex 6 23.8183 96.1483
      vertex 3.75 22.961 94.0787
    endloop
  endfacet
  facet normal 0.702402 -0.273762 -0.657028
    outer loop
      vertex 3.75 22.6823 94.1733
      vertex 6 23.2633 96.3366
      vertex 6 23.2621 96.3371
    endloop
  endfacet
  facet normal 0.704778 -0.228025 -0.671783
    outer loop
      vertex 6 23.2633 96.3366
      vertex 3.75 22.6823 94.1733
      vertex 3.75 22.961 94.0787
    endloop
  endfacet
  facet normal 0.704788 -0.22793 0.671805
    outer loop
      vertex 3.75 22.961 89.9213
      vertex 6 23.2633 87.6634
      vertex 6 23.8183 87.8517
    endloop
  endfacet
  facet normal 0.704763 0.707932 0.0462795
    outer loop
      vertex 6 17.6483 91.4152
      vertex 3.75 19.8692 91.7063
      vertex 3.75 19.85 92
    endloop
  endfacet
  facet normal 0.705005 0.707113 0.0543933
    outer loop
      vertex 3.75 19.8692 91.7063
      vertex 6 17.6483 91.4152
      vertex 6 17.6484 91.4139
    endloop
  endfacet
  facet normal 0.705005 -0.0543933 0.707113
    outer loop
      vertex 3.75 22.3937 89.7692
      vertex 6 22.6848 87.5483
      vertex 6 22.6861 87.5484
    endloop
  endfacet
  facet normal 0.704763 -0.0462795 0.707932
    outer loop
      vertex 6 22.6848 87.5483
      vertex 3.75 22.3937 89.7692
      vertex 3.75 22.1 89.75
    endloop
  endfacet
  facet normal 0.704772 -0.589894 -0.394108
    outer loop
      vertex 6 25.6622 94.7334
      vertex 3.75 24.0486 93.125
      vertex 6 25.9885 94.245
    endloop
  endfacet
  facet normal 0.704795 -0.589746 -0.394289
    outer loop
      vertex 3.75 24.0486 93.125
      vertex 6 25.6622 94.7334
      vertex 3.75 23.885 93.3697
    endloop
  endfacet
  facet normal 0.704788 -0.22793 -0.671805
    outer loop
      vertex 3.75 22.961 94.0787
      vertex 6 23.8183 96.1483
      vertex 6 23.2633 96.3366
    endloop
  endfacet
  facet normal 0.704771 -0.707918 -0.0463633
    outer loop
      vertex 3.75 24.35 92
      vertex 6 26.59 92
      vertex 6 26.5517 92.5848
    endloop
  endfacet
  facet normal 0.704778 0.671783 0.228025
    outer loop
      vertex 3.75 19.9267 91.4177
      vertex 6 17.7634 90.8367
      vertex 3.75 20.0213 91.139
    endloop
  endfacet
  facet normal 0.704899 0.672908 0.224303
    outer loop
      vertex 6 17.7634 90.8367
      vertex 3.75 19.9267 91.4177
      vertex 6 17.763 90.8379
    endloop
  endfacet
  facet normal 0.704773 -0.313833 0.636242
    outer loop
      vertex 3.75 23.225 90.0514
      vertex 6 23.8183 87.8517
      vertex 6 24.345 88.1115
    endloop
  endfacet
  facet normal 0.704799 -0.313588 0.636335
    outer loop
      vertex 6 23.8183 87.8517
      vertex 3.75 23.225 90.0514
      vertex 3.75 22.961 89.9213
    endloop
  endfacet
  facet normal 0.704771 0.707918 0.0463633
    outer loop
      vertex 3.75 19.85 92
      vertex 6 17.61 92
      vertex 6 17.6483 91.4152
    endloop
  endfacet
  facet normal 0.70479 -0.636227 -0.313825
    outer loop
      vertex 6 25.9885 94.245
      vertex 3.75 24.1787 92.861
      vertex 6 26.2483 93.7183
    endloop
  endfacet
  facet normal 0.704764 -0.636365 -0.313603
    outer loop
      vertex 3.75 24.1787 92.861
      vertex 6 25.9885 94.245
      vertex 3.75 24.0486 93.125
    endloop
  endfacet
  facet normal 0.704783 0.695748 0.138619
    outer loop
      vertex 3.75 19.8692 91.7063
      vertex 6 17.763 90.8379
      vertex 3.75 19.9267 91.4177
    endloop
  endfacet
  facet normal 0.704764 0.695804 0.138436
    outer loop
      vertex 6 17.763 90.8379
      vertex 3.75 19.8692 91.7063
      vertex 6 17.6484 91.4139
    endloop
  endfacet
  facet normal 0.704763 0.0462795 0.707932
    outer loop
      vertex 3.75 21.8063 89.7692
      vertex 6 21.5152 87.5483
      vertex 3.75 22.1 89.75
    endloop
  endfacet
  facet normal 0.705005 0.0543933 0.707113
    outer loop
      vertex 6 21.5152 87.5483
      vertex 3.75 21.8063 89.7692
      vertex 6 21.5139 87.5484
    endloop
  endfacet
  facet normal 0.704778 -0.228025 0.671783
    outer loop
      vertex 3.75 22.6823 89.8267
      vertex 6 23.2633 87.6634
      vertex 3.75 22.961 89.9213
    endloop
  endfacet
  facet normal 0.702402 -0.273762 0.657028
    outer loop
      vertex 6 23.2633 87.6634
      vertex 3.75 22.6823 89.8267
      vertex 6 23.2621 87.6629
    endloop
  endfacet
  facet normal 0.704785 -0.533302 -0.467832
    outer loop
      vertex 6 25.2749 95.1749
      vertex 3.75 23.885 93.3697
      vertex 6 25.6622 94.7334
    endloop
  endfacet
  facet normal 0.704762 -0.533478 -0.467667
    outer loop
      vertex 3.75 23.885 93.3697
      vertex 6 25.2749 95.1749
      vertex 3.75 23.691 93.591
    endloop
  endfacet
  facet normal 0.704772 -0.589894 0.394108
    outer loop
      vertex 3.75 24.0486 90.875
      vertex 6 25.6622 89.2666
      vertex 6 25.9885 89.755
    endloop
  endfacet
  facet normal 0.704795 -0.589746 0.394289
    outer loop
      vertex 6 25.6622 89.2666
      vertex 3.75 24.0486 90.875
      vertex 3.75 23.885 90.6303
    endloop
  endfacet
  facet normal 0.704769 -0.467842 -0.533314
    outer loop
      vertex 6 24.8334 95.5622
      vertex 3.75 23.691 93.591
      vertex 6 25.2749 95.1749
    endloop
  endfacet
  facet normal 0.704793 -0.467646 -0.533454
    outer loop
      vertex 3.75 23.691 93.591
      vertex 6 24.8334 95.5622
      vertex 3.75 23.4697 93.785
    endloop
  endfacet
  facet normal 0.704788 -0.138315 -0.695803
    outer loop
      vertex 6 22.6861 96.4516
      vertex 3.75 22.6823 94.1733
      vertex 6 23.2621 96.3371
    endloop
  endfacet
  facet normal 0.704758 -0.138624 -0.695773
    outer loop
      vertex 3.75 22.6823 94.1733
      vertex 6 22.6861 96.4516
      vertex 3.75 22.3937 94.2308
    endloop
  endfacet
  facet normal 0 -0.997859 0.065408
    outer loop
      vertex 152.4 -2.375 3.75
      vertex 158.16 -2.35468 4.06
      vertex 152.4 -2.35468 4.06
    endloop
  endfacet
  facet normal 0 -0.997859 0.065408
    outer loop
      vertex 158.16 -2.35468 4.06
      vertex 152.4 -2.375 3.75
      vertex 158.16 -2.375 3.75
    endloop
  endfacet
  facet normal 0 -0.555575 0.831467
    outer loop
      vertex 152.4 -1.27252 5.75
      vertex 158.16 -1.44581 5.63421
      vertex 158.16 -1.27252 5.75
    endloop
  endfacet
  facet normal 0 -0.555575 0.831467
    outer loop
      vertex 158.16 -1.44581 5.63421
      vertex 152.4 -1.27252 5.75
      vertex 152.4 -1.44581 5.63421
    endloop
  endfacet
  facet normal 0 0.751848 0.659336
    outer loop
      vertex 158.16 1.88421 5.19581
      vertex 152.4 1.67938 5.42938
      vertex 158.16 1.67938 5.42938
    endloop
  endfacet
  facet normal 0 0.751848 0.659336
    outer loop
      vertex 152.4 1.67938 5.42938
      vertex 158.16 1.88421 5.19581
      vertex 152.4 1.88421 5.19581
    endloop
  endfacet
  facet normal 0 0.896879 0.442275
    outer loop
      vertex 158.16 2.19421 4.65887
      vertex 152.4 2.05681 4.9375
      vertex 158.16 2.05681 4.9375
    endloop
  endfacet
  facet normal 0 0.896879 0.442275
    outer loop
      vertex 152.4 2.05681 4.9375
      vertex 158.16 2.19421 4.65887
      vertex 152.4 2.19421 4.65887
    endloop
  endfacet
  facet normal 0 -0.896879 0.442275
    outer loop
      vertex 152.4 -2.19421 4.65887
      vertex 158.16 -2.05681 4.9375
      vertex 152.4 -2.05681 4.9375
    endloop
  endfacet
  facet normal 0 -0.896879 0.442275
    outer loop
      vertex 158.16 -2.05681 4.9375
      vertex 152.4 -2.19421 4.65887
      vertex 158.16 -2.19421 4.65887
    endloop
  endfacet
  facet normal 0 0.751848 -0.659336
    outer loop
      vertex 158.16 1.67938 2.07062
      vertex 152.4 1.88421 2.30419
      vertex 158.16 1.88421 2.30419
    endloop
  endfacet
  facet normal 0 0.751848 -0.659336
    outer loop
      vertex 152.4 1.88421 2.30419
      vertex 158.16 1.67938 2.07062
      vertex 152.4 1.67938 2.07062
    endloop
  endfacet
  facet normal 0 -0.831465 -0.555576
    outer loop
      vertex 152.4 -1.88421 2.30419
      vertex 158.16 -2.05681 2.5625
      vertex 152.4 -2.05681 2.5625
    endloop
  endfacet
  facet normal 0 -0.831465 -0.555576
    outer loop
      vertex 158.16 -2.05681 2.5625
      vertex 152.4 -1.88421 2.30419
      vertex 158.16 -1.88421 2.30419
    endloop
  endfacet
  facet normal 0 -0.997859 -0.065408
    outer loop
      vertex 152.4 -2.35468 3.44
      vertex 158.16 -2.375 3.75
      vertex 152.4 -2.375 3.75
    endloop
  endfacet
  facet normal 0 -0.997859 -0.065408
    outer loop
      vertex 158.16 -2.375 3.75
      vertex 152.4 -2.35468 3.44
      vertex 158.16 -2.35468 3.44
    endloop
  endfacet
  facet normal 0 -0.946931 0.321438
    outer loop
      vertex 152.4 -2.29407 4.36469
      vertex 158.16 -2.19421 4.65887
      vertex 152.4 -2.19421 4.65887
    endloop
  endfacet
  facet normal 0 -0.946931 0.321438
    outer loop
      vertex 158.16 -2.19421 4.65887
      vertex 152.4 -2.29407 4.36469
      vertex 158.16 -2.29407 4.36469
    endloop
  endfacet
  facet normal -0 0.555575 0.831467
    outer loop
      vertex 152.4 1.44581 5.63421
      vertex 158.16 1.27252 5.75
      vertex 158.16 1.44581 5.63421
    endloop
  endfacet
  facet normal 0 0.555575 0.831467
    outer loop
      vertex 158.16 1.27252 5.75
      vertex 152.4 1.44581 5.63421
      vertex 152.4 1.27252 5.75
    endloop
  endfacet
  facet normal 0 0.659336 -0.751848
    outer loop
      vertex 152.4 1.44581 1.86579
      vertex 158.16 1.67938 2.07062
      vertex 158.16 1.44581 1.86579
    endloop
  endfacet
  facet normal 0 0.659336 -0.751848
    outer loop
      vertex 158.16 1.67938 2.07062
      vertex 152.4 1.44581 1.86579
      vertex 152.4 1.67938 2.07062
    endloop
  endfacet
  facet normal 0 0.896879 -0.442275
    outer loop
      vertex 158.16 2.05681 2.5625
      vertex 152.4 2.19421 2.84113
      vertex 158.16 2.19421 2.84113
    endloop
  endfacet
  facet normal 0 0.896879 -0.442275
    outer loop
      vertex 152.4 2.19421 2.84113
      vertex 158.16 2.05681 2.5625
      vertex 152.4 2.05681 2.5625
    endloop
  endfacet
  facet normal -0 0.659336 0.751848
    outer loop
      vertex 152.4 1.67938 5.42938
      vertex 158.16 1.44581 5.63421
      vertex 158.16 1.67938 5.42938
    endloop
  endfacet
  facet normal 0 0.659336 0.751848
    outer loop
      vertex 158.16 1.44581 5.63421
      vertex 152.4 1.67938 5.42938
      vertex 152.4 1.44581 5.63421
    endloop
  endfacet
  facet normal 0 -0.555575 -0.831467
    outer loop
      vertex 152.4 -1.44581 1.86579
      vertex 158.16 -1.27252 1.75
      vertex 158.16 -1.44581 1.86579
    endloop
  endfacet
  facet normal -0 -0.555575 -0.831467
    outer loop
      vertex 158.16 -1.27252 1.75
      vertex 152.4 -1.44581 1.86579
      vertex 152.4 -1.27252 1.75
    endloop
  endfacet
  facet normal 0 -0.751848 -0.659336
    outer loop
      vertex 152.4 -1.67938 2.07062
      vertex 158.16 -1.88421 2.30419
      vertex 152.4 -1.88421 2.30419
    endloop
  endfacet
  facet normal 0 -0.751848 -0.659336
    outer loop
      vertex 158.16 -1.88421 2.30419
      vertex 152.4 -1.67938 2.07062
      vertex 158.16 -1.67938 2.07062
    endloop
  endfacet
  facet normal 0 -0.980783 0.195101
    outer loop
      vertex 152.4 -2.35468 4.06
      vertex 158.16 -2.29407 4.36469
      vertex 152.4 -2.29407 4.36469
    endloop
  endfacet
  facet normal 0 -0.980783 0.195101
    outer loop
      vertex 158.16 -2.29407 4.36469
      vertex 152.4 -2.35468 4.06
      vertex 158.16 -2.35468 4.06
    endloop
  endfacet
  facet normal 0 0.980783 0.195101
    outer loop
      vertex 158.16 2.35468 4.06
      vertex 152.4 2.29407 4.36469
      vertex 158.16 2.29407 4.36469
    endloop
  endfacet
  facet normal 0 0.980783 0.195101
    outer loop
      vertex 152.4 2.29407 4.36469
      vertex 158.16 2.35468 4.06
      vertex 152.4 2.35468 4.06
    endloop
  endfacet
  facet normal 0 -0.751848 0.659336
    outer loop
      vertex 152.4 -1.88421 5.19581
      vertex 158.16 -1.67938 5.42938
      vertex 152.4 -1.67938 5.42938
    endloop
  endfacet
  facet normal 0 -0.751848 0.659336
    outer loop
      vertex 158.16 -1.67938 5.42938
      vertex 152.4 -1.88421 5.19581
      vertex 158.16 -1.88421 5.19581
    endloop
  endfacet
  facet normal 0 -0.659336 0.751848
    outer loop
      vertex 152.4 -1.44581 5.63421
      vertex 158.16 -1.67938 5.42938
      vertex 158.16 -1.44581 5.63421
    endloop
  endfacet
  facet normal 0 -0.659336 0.751848
    outer loop
      vertex 158.16 -1.67938 5.42938
      vertex 152.4 -1.44581 5.63421
      vertex 152.4 -1.67938 5.42938
    endloop
  endfacet
  facet normal 1 -0 0
    outer loop
      vertex 161.16 -2.375 5.75
      vertex 161.16 2.375 0
      vertex 161.16 2.375 5.75
    endloop
  endfacet
  facet normal 1 0 0
    outer loop
      vertex 161.16 2.375 0
      vertex 161.16 -2.375 5.75
      vertex 161.16 -2.375 0
    endloop
  endfacet
  facet normal 0 0.997859 -0.065408
    outer loop
      vertex 158.16 2.35468 3.44
      vertex 152.4 2.375 3.75
      vertex 158.16 2.375 3.75
    endloop
  endfacet
  facet normal 0 0.997859 -0.065408
    outer loop
      vertex 152.4 2.375 3.75
      vertex 158.16 2.35468 3.44
      vertex 152.4 2.35468 3.44
    endloop
  endfacet
  facet normal 0 0.831465 0.555576
    outer loop
      vertex 158.16 2.05681 4.9375
      vertex 152.4 1.88421 5.19581
      vertex 158.16 1.88421 5.19581
    endloop
  endfacet
  facet normal 0 0.831465 0.555576
    outer loop
      vertex 152.4 1.88421 5.19581
      vertex 158.16 2.05681 4.9375
      vertex 152.4 2.05681 4.9375
    endloop
  endfacet
  facet normal 0 -0.896879 -0.442275
    outer loop
      vertex 152.4 -2.05681 2.5625
      vertex 158.16 -2.19421 2.84113
      vertex 152.4 -2.19421 2.84113
    endloop
  endfacet
  facet normal 0 -0.896879 -0.442275
    outer loop
      vertex 158.16 -2.19421 2.84113
      vertex 152.4 -2.05681 2.5625
      vertex 158.16 -2.05681 2.5625
    endloop
  endfacet
  facet normal 0 0.831465 -0.555576
    outer loop
      vertex 158.16 1.88421 2.30419
      vertex 152.4 2.05681 2.5625
      vertex 158.16 2.05681 2.5625
    endloop
  endfacet
  facet normal 0 0.831465 -0.555576
    outer loop
      vertex 152.4 2.05681 2.5625
      vertex 158.16 1.88421 2.30419
      vertex 152.4 1.88421 2.30419
    endloop
  endfacet
  facet normal 0 -0.946931 -0.321438
    outer loop
      vertex 152.4 -2.19421 2.84113
      vertex 158.16 -2.29407 3.13531
      vertex 152.4 -2.29407 3.13531
    endloop
  endfacet
  facet normal 0 -0.946931 -0.321438
    outer loop
      vertex 158.16 -2.29407 3.13531
      vertex 152.4 -2.19421 2.84113
      vertex 158.16 -2.19421 2.84113
    endloop
  endfacet
  facet normal 0 0.946931 -0.321438
    outer loop
      vertex 158.16 2.19421 2.84113
      vertex 152.4 2.29407 3.13531
      vertex 158.16 2.29407 3.13531
    endloop
  endfacet
  facet normal 0 0.946931 -0.321438
    outer loop
      vertex 152.4 2.29407 3.13531
      vertex 158.16 2.19421 2.84113
      vertex 152.4 2.19421 2.84113
    endloop
  endfacet
  facet normal 0 0.997859 0.065408
    outer loop
      vertex 158.16 2.375 3.75
      vertex 152.4 2.35468 4.06
      vertex 158.16 2.35468 4.06
    endloop
  endfacet
  facet normal 0 0.997859 0.065408
    outer loop
      vertex 152.4 2.35468 4.06
      vertex 158.16 2.375 3.75
      vertex 152.4 2.375 3.75
    endloop
  endfacet
  facet normal 0 -0.980783 -0.195101
    outer loop
      vertex 152.4 -2.29407 3.13531
      vertex 158.16 -2.35468 3.44
      vertex 152.4 -2.35468 3.44
    endloop
  endfacet
  facet normal 0 -0.980783 -0.195101
    outer loop
      vertex 158.16 -2.35468 3.44
      vertex 152.4 -2.29407 3.13531
      vertex 158.16 -2.29407 3.13531
    endloop
  endfacet
  facet normal 0 0.980783 -0.195101
    outer loop
      vertex 158.16 2.29407 3.13531
      vertex 152.4 2.35468 3.44
      vertex 158.16 2.35468 3.44
    endloop
  endfacet
  facet normal 0 0.980783 -0.195101
    outer loop
      vertex 152.4 2.35468 3.44
      vertex 158.16 2.29407 3.13531
      vertex 152.4 2.29407 3.13531
    endloop
  endfacet
  facet normal 0 -0.831465 0.555576
    outer loop
      vertex 152.4 -2.05681 4.9375
      vertex 158.16 -1.88421 5.19581
      vertex 152.4 -1.88421 5.19581
    endloop
  endfacet
  facet normal 0 -0.831465 0.555576
    outer loop
      vertex 158.16 -1.88421 5.19581
      vertex 152.4 -2.05681 4.9375
      vertex 158.16 -2.05681 4.9375
    endloop
  endfacet
  facet normal 0 -0.659336 -0.751848
    outer loop
      vertex 152.4 -1.67938 2.07062
      vertex 158.16 -1.44581 1.86579
      vertex 158.16 -1.67938 2.07062
    endloop
  endfacet
  facet normal -0 -0.659336 -0.751848
    outer loop
      vertex 158.16 -1.44581 1.86579
      vertex 152.4 -1.67938 2.07062
      vertex 152.4 -1.44581 1.86579
    endloop
  endfacet
  facet normal 0 0.946931 0.321438
    outer loop
      vertex 158.16 2.29407 4.36469
      vertex 152.4 2.19421 4.65887
      vertex 158.16 2.19421 4.65887
    endloop
  endfacet
  facet normal 0 0.946931 0.321438
    outer loop
      vertex 152.4 2.19421 4.65887
      vertex 158.16 2.29407 4.36469
      vertex 152.4 2.29407 4.36469
    endloop
  endfacet
  facet normal 0 0.555575 -0.831467
    outer loop
      vertex 152.4 1.27252 1.75
      vertex 158.16 1.44581 1.86579
      vertex 158.16 1.27252 1.75
    endloop
  endfacet
  facet normal 0 0.555575 -0.831467
    outer loop
      vertex 158.16 1.44581 1.86579
      vertex 152.4 1.27252 1.75
      vertex 152.4 1.44581 1.86579
    endloop
  endfacet
  facet normal 0 0 -1
    outer loop
      vertex 152.4 -1.27252 1.75
      vertex 158.16 1.27252 1.75
      vertex 158.16 -1.27252 1.75
    endloop
  endfacet
  facet normal -0 0 -1
    outer loop
      vertex 158.16 1.27252 1.75
      vertex 152.4 -1.27252 1.75
      vertex 152.4 1.27252 1.75
    endloop
  endfacet
  facet normal -0 0 1
    outer loop
      vertex 152.4 1.27252 5.75
      vertex 158.16 -1.27252 5.75
      vertex 158.16 1.27252 5.75
    endloop
  endfacet
  facet normal 0 0 1
    outer loop
      vertex 158.16 -1.27252 5.75
      vertex 152.4 1.27252 5.75
      vertex 152.4 -1.27252 5.75
    endloop
  endfacet
  facet normal 0 0 1
    outer loop
      vertex 158.16 1.27252 5.75
      vertex 161.16 2.375 5.75
      vertex 158.16 2.375 5.75
    endloop
  endfacet
  facet normal 0 0 1
    outer loop
      vertex 161.16 2.375 5.75
      vertex 158.16 1.27252 5.75
      vertex 161.16 -2.375 5.75
    endloop
  endfacet
  facet normal -0 0 1
    outer loop
      vertex 158.16 -1.27252 5.75
      vertex 161.16 -2.375 5.75
      vertex 158.16 1.27252 5.75
    endloop
  endfacet
  facet normal 0 0 1
    outer loop
      vertex 161.16 -2.375 5.75
      vertex 158.16 -1.27252 5.75
      vertex 158.16 -2.375 5.75
    endloop
  endfacet
  facet normal 0 0 -1
    outer loop
      vertex 158.16 -2.375 0
      vertex 161.16 2.375 0
      vertex 161.16 -2.375 0
    endloop
  endfacet
  facet normal -0 0 -1
    outer loop
      vertex 161.16 2.375 0
      vertex 158.16 -2.375 0
      vertex 158.16 2.375 0
    endloop
  endfacet
  facet normal -1 0 0
    outer loop
      vertex 158.16 2.375 0
      vertex 158.16 2.35468 3.44
      vertex 158.16 2.375 3.75
    endloop
  endfacet
  facet normal -1 0 0
    outer loop
      vertex 158.16 2.375 0
      vertex 158.16 2.29407 3.13531
      vertex 158.16 2.35468 3.44
    endloop
  endfacet
  facet normal -1 0 0
    outer loop
      vertex 158.16 2.375 0
      vertex 158.16 2.19421 2.84113
      vertex 158.16 2.29407 3.13531
    endloop
  endfacet
  facet normal -1 0 0
    outer loop
      vertex 158.16 2.375 0
      vertex 158.16 2.05681 2.5625
      vertex 158.16 2.19421 2.84113
    endloop
  endfacet
  facet normal -1 0 0
    outer loop
      vertex 158.16 2.375 0
      vertex 158.16 1.88421 2.30419
      vertex 158.16 2.05681 2.5625
    endloop
  endfacet
  facet normal -1 0 0
    outer loop
      vertex 158.16 2.375 0
      vertex 158.16 1.67938 2.07062
      vertex 158.16 1.88421 2.30419
    endloop
  endfacet
  facet normal -1 0 0
    outer loop
      vertex 158.16 2.375 0
      vertex 158.16 1.44581 1.86579
      vertex 158.16 1.67938 2.07062
    endloop
  endfacet
  facet normal -1 0 0
    outer loop
      vertex 158.16 2.375 0
      vertex 158.16 1.27252 1.75
      vertex 158.16 1.44581 1.86579
    endloop
  endfacet
  facet normal -1 0 0
    outer loop
      vertex 158.16 2.375 0
      vertex 158.16 -1.27252 1.75
      vertex 158.16 1.27252 1.75
    endloop
  endfacet
  facet normal -1 0 0
    outer loop
      vertex 158.16 -2.375 0
      vertex 158.16 -1.27252 1.75
      vertex 158.16 2.375 0
    endloop
  endfacet
  facet normal -1 0 0
    outer loop
      vertex 158.16 -2.375 0
      vertex 158.16 -1.44581 1.86579
      vertex 158.16 -1.27252 1.75
    endloop
  endfacet
  facet normal -1 0 0
    outer loop
      vertex 158.16 -2.375 0
      vertex 158.16 -1.67938 2.07062
      vertex 158.16 -1.44581 1.86579
    endloop
  endfacet
  facet normal -1 0 0
    outer loop
      vertex 158.16 -2.375 0
      vertex 158.16 -1.88421 2.30419
      vertex 158.16 -1.67938 2.07062
    endloop
  endfacet
  facet normal -1 0 0
    outer loop
      vertex 158.16 -2.375 0
      vertex 158.16 -2.05681 2.5625
      vertex 158.16 -1.88421 2.30419
    endloop
  endfacet
  facet normal -1 0 0
    outer loop
      vertex 158.16 -2.375 0
      vertex 158.16 -2.19421 2.84113
      vertex 158.16 -2.05681 2.5625
    endloop
  endfacet
  facet normal -1 0 0
    outer loop
      vertex 158.16 -2.375 0
      vertex 158.16 -2.29407 3.13531
      vertex 158.16 -2.19421 2.84113
    endloop
  endfacet
  facet normal -1 0 0
    outer loop
      vertex 158.16 -2.375 0
      vertex 158.16 -2.35468 3.44
      vertex 158.16 -2.29407 3.13531
    endloop
  endfacet
  facet normal -1 -0 0
    outer loop
      vertex 158.16 -2.35468 3.44
      vertex 158.16 -2.375 0
      vertex 158.16 -2.375 3.75
    endloop
  endfacet
  facet normal -1 0 0
    outer loop
      vertex 158.16 -1.44581 5.63421
      vertex 158.16 -2.375 5.75
      vertex 158.16 -1.27252 5.75
    endloop
  endfacet
  facet normal -1 0 0
    outer loop
      vertex 158.16 -1.67938 5.42938
      vertex 158.16 -2.375 5.75
      vertex 158.16 -1.44581 5.63421
    endloop
  endfacet
  facet normal -1 0 0
    outer loop
      vertex 158.16 -1.88421 5.19581
      vertex 158.16 -2.375 5.75
      vertex 158.16 -1.67938 5.42938
    endloop
  endfacet
  facet normal -1 0 0
    outer loop
      vertex 158.16 -2.05681 4.9375
      vertex 158.16 -2.375 5.75
      vertex 158.16 -1.88421 5.19581
    endloop
  endfacet
  facet normal -1 0 0
    outer loop
      vertex 158.16 -2.19421 4.65887
      vertex 158.16 -2.375 5.75
      vertex 158.16 -2.05681 4.9375
    endloop
  endfacet
  facet normal -1 0 0
    outer loop
      vertex 158.16 -2.29407 4.36469
      vertex 158.16 -2.375 5.75
      vertex 158.16 -2.19421 4.65887
    endloop
  endfacet
  facet normal -1 0 0
    outer loop
      vertex 158.16 -2.35468 4.06
      vertex 158.16 -2.375 5.75
      vertex 158.16 -2.29407 4.36469
    endloop
  endfacet
  facet normal -1 0 0
    outer loop
      vertex 158.16 -2.375 5.75
      vertex 158.16 -2.35468 4.06
      vertex 158.16 -2.375 3.75
    endloop
  endfacet
  facet normal -1 0 0
    outer loop
      vertex 158.16 2.35468 4.06
      vertex 158.16 2.375 5.75
      vertex 158.16 2.375 3.75
    endloop
  endfacet
  facet normal -1 0 0
    outer loop
      vertex 158.16 2.29407 4.36469
      vertex 158.16 2.375 5.75
      vertex 158.16 2.35468 4.06
    endloop
  endfacet
  facet normal -1 0 0
    outer loop
      vertex 158.16 2.19421 4.65887
      vertex 158.16 2.375 5.75
      vertex 158.16 2.29407 4.36469
    endloop
  endfacet
  facet normal -1 0 0
    outer loop
      vertex 158.16 2.05681 4.9375
      vertex 158.16 2.375 5.75
      vertex 158.16 2.19421 4.65887
    endloop
  endfacet
  facet normal -1 0 0
    outer loop
      vertex 158.16 1.88421 5.19581
      vertex 158.16 2.375 5.75
      vertex 158.16 2.05681 4.9375
    endloop
  endfacet
  facet normal -1 0 0
    outer loop
      vertex 158.16 1.67938 5.42938
      vertex 158.16 2.375 5.75
      vertex 158.16 1.88421 5.19581
    endloop
  endfacet
  facet normal -1 0 0
    outer loop
      vertex 158.16 1.44581 5.63421
      vertex 158.16 2.375 5.75
      vertex 158.16 1.67938 5.42938
    endloop
  endfacet
  facet normal -1 -0 0
    outer loop
      vertex 158.16 2.375 5.75
      vertex 158.16 1.44581 5.63421
      vertex 158.16 1.27252 5.75
    endloop
  endfacet
  facet normal 0 1 0
    outer loop
      vertex 161.16 2.375 5.75
      vertex 158.16 2.375 3.75
      vertex 158.16 2.375 5.75
    endloop
  endfacet
  facet normal 0 1 -0
    outer loop
      vertex 161.16 2.375 0
      vertex 158.16 2.375 3.75
      vertex 161.16 2.375 5.75
    endloop
  endfacet
  facet normal 0 1 0
    outer loop
      vertex 158.16 2.375 3.75
      vertex 161.16 2.375 0
      vertex 158.16 2.375 0
    endloop
  endfacet
  facet normal 0 -1 0
    outer loop
      vertex 158.16 -2.375 3.75
      vertex 161.16 -2.375 5.75
      vertex 158.16 -2.375 5.75
    endloop
  endfacet
  facet normal 0 -1 0
    outer loop
      vertex 161.16 -2.375 0
      vertex 158.16 -2.375 3.75
      vertex 158.16 -2.375 0
    endloop
  endfacet
  facet normal 0 -1 0
    outer loop
      vertex 158.16 -2.375 3.75
      vertex 161.16 -2.375 0
      vertex 161.16 -2.375 5.75
    endloop
  endfacet
endsolid OpenSCAD_Model
